65512f8c-aa37-35d1-b228-85f49aaed60b,Mr.,Jennifer,Littel,"00A/52 Hahn Villages Suite 113",voluptas,Isabela,"West Virginia",Australia,297-264-088,"(0936) 557-3433",Waters-Marvin,http://www.howe.com/sunt-delectus-voluptas-excepturi-distinctio-placeat,"Lay-Out Worker",purple,1989-12-25,kklein@barton.net,QH~K+~1Yq
78e4cdee-ebea-3344-8019-ade37ab0decc,Prof.,Cleve,Runolfsdottir,"64A/26 Auer Cliffs",quis,Ligao,Iowa,"Bouvet Island (Bouvetoya)",969-384-984,"(0944) 266-5020","Rogahn and Sons",https://jacobi.info/aut-tempora-itaque-perferendis-quisquam-aut.html,"Fashion Model",lime,1988-04-11,ostiedemann@gmail.com,"Bc""E^Q0GFo""}_"
13801c51-6f4b-3c22-a0c1-9837a5d6f512,Mrs.,Albina,Buckridge,"82 Conn Lane",nihil,"San Fernando",Michigan,Qatar,268-597-387,"(0943) 963-6319","McDermott LLC",http://www.cassin.com/sapiente-impedit-dignissimos-sed-quam-voluptatem-quae,"Alteration Tailor",navy,1981-02-05,qhahn@yahoo.com,"Z9_(@]mT;""dw"
ecced8e8-2f37-30e4-8de5-3fc23e5f2688,Dr.,Corene,Sawayn,"43A/39 Fadel Vista Suite 206",rerum,Mandaluyong,Iowa,Venezuela,772-684-256,"+63 (928) 524-4057","Gutkowski PLC",http://buckridge.com/eos-neque-vitae-voluptates-ut-facilis-ullam.html,"Stock Broker",teal,2009-03-05,christiansen.amelie@rogahn.net,"Zf:7Y""6^/~$*I[W<^"
6f87e366-d5aa-357b-be80-8fc50c5b3757,Ms.,Aida,Bergstrom,"58A Ledner Trafficway Suite 063",sunt,Bago,Louisiana,Norway,678-466-810,"(0900) 155-7636","Keeling Ltd",https://www.langosh.biz/reiciendis-ut-quia-optio-est-sed,"Brattice Builder",lime,1987-06-26,cordelia.rohan@hotmail.com,uvN$95j{XoZCs/
4a1a51f7-6d8d-32b2-829c-86023283e969,Mr.,Noemie,Hermann,"71/82 Cummerata Glen",itaque,"Davao City","North Carolina","Hong Kong",172-450-840,"+63 (971) 515-4337","Wiegand, Schmidt and Russel",http://www.rosenbaum.com/ex-aut-molestias-repellendus-doloribus-esse,"Automotive Mechanic",lime,1974-04-01,romaine14@hotmail.com,+n]nZv
775d0fd1-dbb5-30e2-bdbe-da145587f0c8,Dr.,Alberto,Bernhard,"12A/73 Turner Streets Apt. 993",ratione,"Cotabato City",Maine,Slovenia,551-553-904,"(0939) 678-2595","Hill Inc",http://rodriguez.com/,Assessor,black,2012-04-27,dario.larkin@stoltenberg.com,}ATI*Lp'M32'U~-
53434aca-0fe3-3316-9cb6-d298565fd843,Mrs.,Emil,Howe,"02A Parker Keys Apt. 381",debitis,Ligao,Illinois,"South Georgia and the South Sandwich Islands",732-463-043,"+63 (936) 482-3225","Bergnaum, Runolfsson and Kunde",http://www.lind.info/dicta-cumque-voluptatem-officia-odio-ea-sunt-eos,"Heating and Air Conditioning Mechanic",olive,2015-12-02,laura66@yahoo.com,Ag6$-XC&/Qb|YZdW5o
ee2272f0-c83a-3643-b3d8-1e08677bde94,Miss,Diamond,Krajcik,"43A Treutel Plaza",aperiam,Guihulngan,"New York",Uruguay,468-580-430,"(0948) 685-4943","Graham, Rogahn and Bogan",http://smitham.com/eveniet-sit-nulla-accusantium-consectetur-nisi-asperiores-rerum,"Maintenance Equipment Operator",lime,2001-02-02,clementina30@nader.net,A2+fn[.3Cw'Rl2
aaf76358-cca9-3f6f-b913-0a5b9f00aae5,Mrs.,Ed,Pollich,"57 Gerhold Rapid",illo,Lucena,Michigan,Botswana,986-794-056,"+63 (813) 545-0103",Oberbrunner-Rath,http://www.spencer.com/aliquid-maiores-et-modi-deleniti-quia-voluptatibus,"Environmental Science Teacher",teal,1984-12-01,pbins@christiansen.info,"g2enJ,FER0niN<Q"
e7748d4d-8c11-38a7-8fcb-fbbcc005a423,Dr.,Hudson,Hayes,"77A/38 Auer Harbor Suite 626",omnis,Biñan,"New York",Malawi,864-177-734,"+63 (937) 968-6504","Hansen, Bahringer and Rippin",http://www.paucek.info/provident-voluptas-aut-a-pariatur.html,"Home Entertainment Equipment Installer",navy,1987-03-26,michelle.wisoky@hotmail.com,"5,LPQ`WH"
f8c903f2-ed21-3105-b7f5-fd51320ac48d,Mrs.,Augustine,Reilly,"09A/13 Rodriguez Parks",consequatur,Iligan,Delaware,"United States Minor Outlying Islands",312-766-595,"+63 (946) 016-9419",Kris-Willms,https://www.bernhard.org/doloremque-ipsa-veniam-architecto-similique-et,"Fence Erector",green,2023-05-04,gkris@hotmail.com,K`ZS%1Q;8DhngrrgS{Jj
dcf56c08-81ce-33fb-80b2-e36b7d5cd70f,Prof.,Anthony,Ruecker,"44 Dickens Path Apt. 728",temporibus,Bayawan,Oklahoma,Turkey,433-905-661,"(0947) 292-0571",Sawayn-Heidenreich,http://christiansen.info/alias-id-maiores-est-provident,"Insurance Claims Clerk",purple,1971-03-19,rowe.boyd@hotmail.com,+P0Rk2}XRUnGpf)2X
333b7750-828f-3447-a3e0-a7f5f4ebb3dd,Dr.,Bernadette,Koepp,"64/69 Hermiston Camp Suite 395",aut,Parañaque,Virginia,"Dominican Republic",924-285-996,"(0935) 297-2956",Gutmann-Daugherty,http://www.daniel.biz/dolorum-repudiandae-molestias-nesciunt-voluptatum.html,"Credit Checkers Clerk",fuchsia,1987-08-01,fboyle@hotmail.com,"Dy\/*sZNzTO/t"
a6d536d0-0410-3ea0-91b8-137d26ec333d,Dr.,Hilda,Kub,"69/35 Raynor Creek",ea,"Cebu City",Illinois,"Falkland Islands (Malvinas)",295-713-510,"+63 (947) 050-5525",Rice-Nienow,https://gottlieb.com/est-maxime-doloribus-dolor-illo-itaque-molestiae-repudiandae.html,"Outdoor Power Equipment Mechanic",white,2020-09-17,murphy.russ@hotmail.com,;gWl*BPce:!H-L/9U
ae987d3a-fdd7-3198-842c-bf2c3a387b4e,Mr.,Bertram,Harber,"23/79 Rau Shore",exercitationem,Bogo,Virginia,"Sri Lanka",969-337-547,"+63 (979) 950-9592","Simonis PLC",https://hintz.info/libero-optio-labore-ut-ipsam.html,"Hand Trimmer",olive,1994-11-05,hillary27@yahoo.com,Q[.z!H=@:Wzu)+r
0d5cfb05-299f-3a28-86e1-97242bed4c68,Prof.,Katlyn,Boehm,"23/53 Schuster Haven Apt. 095",dicta,Cabuyao,Vermont,"Wallis and Futuna",118-248-896,"(0949) 757-7436","Auer LLC",http://www.monahan.org/,"Record Clerk",silver,1970-09-12,corwin.margarett@yahoo.com,6_f:-q:m
d96cf969-3381-3c79-87cc-21fc4fa21183,Prof.,Winona,Raynor,"32A/33 Brekke Land Apt. 096",dicta,Muntinlupa,Oklahoma,"Cayman Islands",357-075-920,"(0920) 077-8300","Gusikowski, Beer and Hudson",http://stokes.com/molestias-deleniti-iusto-eos-reiciendis-voluptatem,"Machine Tool Operator",navy,1977-01-27,ciara.beahan@gmail.com,"Hg;(""i0"
644e86f1-4794-3bbd-8e33-ed91f70af97a,Mrs.,Felicia,McCullough,"17 Stark Rapid Apt. 254",facere,"San Jose del Monte",Tennessee,"United Kingdom",683-508-175,"+63 (911) 616-8689","Howell, Bauch and West",http://farrell.com/omnis-sed-et-iusto,"Biological Scientist",aqua,2024-02-21,evie41@gmail.com,_ePq}xqV&df9+EM
bd7c2c7b-6b40-3aae-ae82-2373c0e3d5af,Dr.,Ana,Senger,"83 Macejkovic Walks Suite 925",rerum,Talisay,Nevada,"Syrian Arab Republic",756-977-714,"(0948) 775-9412","Hilpert and Sons",http://www.kling.com/ut-et-voluptate-ut-similique-nihil-laborum,"Dental Assistant",navy,2006-06-10,ehessel@gmail.com,"9GNzm\k""9}s*M4U}[4"
762078a8-5734-38f2-a5f6-bc291a8bb04c,Mr.,Greyson,Halvorson,"32A Howell Station",quae,Legazpi,Vermont,"French Southern Territories",810-748-051,"+63 (910) 967-5198","Emmerich, McGlynn and Abshire",http://cormier.info/molestias-voluptatem-autem-est-voluptatibus-quisquam,"Drycleaning Machine Operator",blue,2023-04-08,cleveland40@schmidt.info,&8j?Bt}^S83On9*d
396f6ef6-ab8a-30c4-bd74-e143124fe630,Prof.,Heather,Roberts,"25A/63 Conroy Via Suite 257",sapiente,Talisay,Maine,Afghanistan,149-822-844,"+63 (948) 467-0602",Considine-Blanda,http://www.schmidt.net/,"Washing Equipment Operator",yellow,2021-08-04,mkoss@wuckert.com,TIga_vtU04#
ed269a5d-306d-3f13-b07b-91fefda2a2ec,Prof.,Monserrat,Hackett,"59/42 Goldner Viaduct",quia,Candon,"North Carolina",Mali,832-525-096,"+63 (911) 473-5788",Cole-Zboncak,http://rogahn.biz/et-eaque-eius-non-ab-vitae-necessitatibus,"Audio and Video Equipment Technician",fuchsia,1987-12-12,zpollich@yahoo.com,<AE*j3UWOX5d<UjQ2
f9c92c54-bca3-3f1e-8be1-348d36e3662d,Prof.,Delphine,Nicolas,"36A Pfeffer Common",doloribus,"San Jose del Monte","New Mexico",Portugal,602-866-629,"+63 (905) 847-3105",Streich-Crona,http://stiedemann.com/,"Grinding Machine Operator",maroon,2017-07-06,isenger@harber.info,"@6\1?t>QR!P\Q<4_@"
9a364364-f331-3e67-90a8-f30e8f3e423b,Miss,Rodger,Wolff,"79/35 Gutmann Pass Suite 163",commodi,Dumaguete,Connecticut,"Puerto Rico",772-123-507,"+63 (936) 411-4079","Feeney Inc",http://www.von.biz/omnis-est-sunt-iusto-culpa-assumenda-suscipit.html,"Police and Sheriffs Patrol Officer",aqua,1981-12-12,nohara@gmail.com,"@pbslac""+21?TUx"
d03506ab-f9d0-38b1-afd9-3faa13bd49c1,Mr.,Bradford,Howe,"59A/10 Pfannerstill Radial Suite 795",explicabo,Calamba,Alabama,Lebanon,304-531-552,"(0996) 298-7506","Raynor, Nitzsche and Goodwin",https://www.rau.info/ut-aliquid-ut-minus-maiores-et,"Director Of Business Development",black,2023-12-08,bethany.graham@kerluke.biz,"HdH\tpU{d"
91a73b75-02c7-3469-8a74-0d80ce934e2b,Mr.,Joyce,Kulas,"76/88 Kiehn Heights",quae,"Las Piñas",Oregon,"Cayman Islands",154-615-282,"+63 (939) 361-3986",Schinner-Boyer,https://www.witting.com/minus-veniam-qui-et-sed-et-aut-porro-non,"Religious Worker",green,2021-05-02,dario95@dooley.com,"|5<*fzc5v!PE}e,MuvD"
5bf8e934-9575-385a-b97d-b8b33df84d78,Mrs.,Axel,Schultz,"97A Gibson Square",adipisci,"San Pablo",Tennessee,Bulgaria,128-092-325,"+63 (922) 743-5508","Watsica LLC",http://www.larson.org/dolorem-et-doloremque-praesentium-illo-animi-nulla.html,"Soil Scientist OR Plant Scientist",silver,1996-05-19,rmedhurst@tillman.info,"%J+*""dio"
bb1375b5-2cfb-3e4e-a88c-e1e30d71e26f,Prof.,Brendon,Johns,"73 Collins Drives Apt. 086",velit,Passi,Pennsylvania,"Antigua and Barbuda",214-340-268,"(0908) 456-6814","Gorczany Inc",https://www.cronin.com/culpa-illum-consequatur-rerum,"Online Marketing Analyst",teal,2021-07-04,kertzmann.holden@hotmail.com,=ZOY53GgCce
7e4ef736-161c-395a-8e24-7d9aad1de08a,Dr.,Arielle,McCullough,"71A/78 Wyman Spur",hic,"San Jose",Missouri,Gabon,726-563-515,"+63 (975) 127-2079","Rau, Kuphal and Howe",http://mraz.com/placeat-iste-enim-porro.html,"Instructional Coordinator",navy,1970-07-24,hauck.perry@hotmail.com,"P\XG;aX"
5b0ddb65-6160-3f8f-8378-06d8fb98fbb4,Mrs.,Rene,Schiller,"73A Schulist Bridge",sunt,Imus,Utah,Kuwait,141-979-155,"(0971) 591-0554",Morissette-Ullrich,https://www.mcclure.biz/ipsum-suscipit-voluptas-nemo-expedita-quia-et,"Social Service Specialists",fuchsia,1970-02-04,antonetta77@hotmail.com,",DJ3r8"
d12358b3-79c2-3797-b968-807d581ef11e,Prof.,Kyla,Hammes,"01A/36 Miller Common Apt. 262",deleniti,Dipolog,"North Carolina",Luxembourg,777-770-581,"(0918) 251-1449",Mayert-Homenick,http://www.kessler.info/,Obstetrician,teal,1978-05-09,ipfeffer@gerlach.com,"WL'}FJ*o]#)\_i:g"
81500646-d266-3b4e-bc22-5ab426bece55,Prof.,Retha,Lebsack,"49 Goodwin Parkway Suite 251",et,"Puerto Princesa",Ohio,Qatar,196-634-271,"+63 (923) 987-1078","Shields Group",https://www.nolan.info/et-odit-dignissimos-sequi-modi,"Armored Assault Vehicle Crew Member",fuchsia,2024-07-18,sbrown@gmail.com,#I'VyY<n
d921e876-57c7-3a1d-a821-9c65ceba2d95,Miss,Jeromy,Hayes,"93 Schulist Forest Apt. 779",aut,Urdaneta,"North Dakota",Niue,938-338-052,"(0934) 445-5104","Gottlieb LLC",https://kuhn.org/ut-voluptatem-quod-quasi-omnis-ab.html,"Forest Fire Fighting Supervisor",blue,2022-12-03,kgoyette@gmail.com,8QG38SZ0DuL;
2ea90e4c-b797-37ae-835f-d6bb75465e53,Dr.,Cecil,Schiller,"88/51 Cronin Rapid Suite 246",sit,Passi,"South Dakota",Denmark,309-374-060,"+63 (926) 633-9069","Senger and Sons",https://www.braun.com/libero-nemo-dolorem-nemo-dolorem-possimus,"Adjustment Clerk",yellow,2004-01-10,ashly73@parker.org,"$""{%bNHTf@"""
2e7c2bc1-9077-37a9-9528-c90f2abd9eb4,Prof.,Charles,Kub,"81A/80 Bartoletti Ports Apt. 027",tenetur,Tandag,Arizona,"Slovakia (Slovak Republic)",312-237-612,"+63 (926) 418-6274",Ortiz-Cruickshank,https://www.johnston.info/commodi-eos-quae-animi-perspiciatis,"Tool Set-Up Operator",olive,1995-04-15,cecil.pagac@corkery.com,KtZaAqeR'
c2e248d1-b7e3-38bf-9921-c69e350f77c2,Mr.,Bertram,Strosin,"12 Mayer Stream",nulla,Legazpi,Nebraska,"Czech Republic",743-199-332,"+63 (930) 891-1758","Farrell, Schultz and Schiller",http://dach.com/deleniti-consectetur-rerum-architecto-iste-culpa-a,"Sawing Machine Setter",gray,1989-07-19,stone78@hotmail.com,"9fY\:}*.2"
5c0944ab-d988-3b9f-b3b7-77193b9b2dad,Miss,Jayden,Hauck,"82 Jenkins Manor Apt. 653",repellendus,Taguig,Louisiana,"Faroe Islands",724-423-669,"(0918) 571-3972",Hoeger-Abbott,http://leannon.com/tempora-corporis-adipisci-in-iusto-incidunt-aperiam-aut-ipsa,"Medical Assistant",blue,1985-10-03,janae50@casper.com,Fzh;4(p-s9b
a1232c16-cf7a-30cd-b82b-b148a46c5f88,Dr.,Bonita,Swift,"49/22 Hodkiewicz Field Apt. 830",cupiditate,Mati,Delaware,"South Georgia and the South Sandwich Islands",542-061-897,"(0973) 764-3845","McClure and Sons",http://www.hintz.info/tempore-eaque-rerum-quos-aliquid-eos-quia.html,Opticians,fuchsia,1999-12-06,keenan41@mante.net,;`5M/moyoSW9~qcPE[&g
d9ce0dd1-68f4-345a-91bb-def4317ba5fe,Miss,Cloyd,Cummerata,"31A Ziemann Green Apt. 557",minus,"Santa Rosa",Michigan,Mexico,617-262-404,"+63 (944) 790-8403","Jones, Pfeffer and Raynor",http://www.gerhold.com/non-est-aut-consequatur-ad-laudantium.html,"Sociology Teacher",lime,1997-11-18,bayer.maurine@mcglynn.info,"V[=9n,aEo(d95M4"
25b6ee27-d55c-3ad4-ac10-37bdd164cfc7,Mr.,Manuela,Gerlach,"62/32 Leannon Brook Apt. 688",molestias,Catbalogan,"New Mexico","Antigua and Barbuda",921-537-582,"+63 (923) 346-7646","Morissette Group",http://glover.net/qui-mollitia-temporibus-sint-consequatur-ad-voluptas-quia,"Personal Home Care Aide",gray,1975-12-05,ford67@daugherty.com,nvcnG:nSm
09e2520c-b251-34b9-8b66-f6ba135f7af6,Prof.,Maryam,Tremblay,"60/72 Sipes Mountains",architecto,Parañaque,Maine,Aruba,171-653-718,"(0933) 594-5049",Witting-Monahan,http://www.ullrich.com/nisi-eaque-officia-numquam-sit,"Carpet Installer",teal,2017-01-28,dorothea.yundt@conn.org,cG-4<Tyqsgadco{
f23019ee-fe67-32ff-9157-616f88f96ca9,Dr.,Lexus,Abshire,"85A/14 Ortiz Causeway Suite 202",nulla,Cauayan,Delaware,"Bouvet Island (Bouvetoya)",311-100-416,"+63 (927) 825-0323",Schaden-Nikolaus,http://www.kub.biz/eius-est-illo-nesciunt-reiciendis,"Municipal Fire Fighting Supervisor",black,1990-04-03,kaitlyn.jacobi@gutkowski.org,"KP;>/w""W8=zU`"
ad377a68-2d06-30f7-aae8-5be73f9142b6,Mrs.,Marta,Trantow,"46A/49 Ward Tunnel Suite 810",molestiae,Mabalacat,"New York",Maldives,244-744-583,"(0933) 137-9243","Hamill, Wiegand and Gusikowski",http://goyette.com/eveniet-et-sed-velit,"Tax Examiner",purple,1990-08-11,mathias.stehr@yahoo.com,w:=`^7W5>AZ
e8afaa11-c4be-3433-a3ab-a0e0e713c2fa,Prof.,Bridget,Bailey,"96A Brown Neck Apt. 018",consequatur,Victorias,Oklahoma,Liechtenstein,407-145-794,"+63 (974) 677-4130",Jacobs-Beahan,http://www.dickens.info/vel-molestiae-quos-enim-eaque-voluptate,"Medical Records Technician",gray,1978-08-16,olson.chanel@hotmail.com,"9""D6-(0Q*uU6q[h"
937283f9-336a-395a-92aa-c479f90f9711,Mrs.,Hoyt,Jerde,"72 Beahan Union Suite 344",blanditiis,Dumaguete,Georgia,Guernsey,049-194-264,"(0944) 428-9485",Green-Marvin,http://www.lehner.org/possimus-culpa-excepturi-delectus-tenetur.html,Engraver,blue,1970-06-30,cziemann@auer.com,"Jxt-?('UX[,d':FF#}$["
e7662f96-1dce-3c26-995d-5b7657664e33,Mrs.,Raven,Tillman,"85 Kunze Underpass",rerum,Bacolod,Missouri,"Saint Helena",323-955-279,"+63 (971) 673-3122","Borer, Schuster and Haley",http://www.oconner.biz/amet-nemo-corporis-molestiae-molestiae,"Annealing Machine Operator",fuchsia,2001-07-19,maxine48@denesik.com,"?@QHs=_""3Z"
740b74a6-1ecb-3718-ba0e-16cd31af8b57,Dr.,Kelly,Smitham,"89/89 Sauer Causeway",iusto,"San Pedro",Illinois,"French Southern Territories",880-129-454,"+63 (907) 743-5382",Fadel-Oberbrunner,http://www.wilderman.biz/,"Social Work Teacher",olive,2002-10-28,rodriguez.jesus@upton.com,"?o""`K)\)QI*GC"
178a36ce-0905-362b-ab9f-7baaf37676c1,Mr.,Wilton,Powlowski,"82A Ferry Fords Apt. 764",sit,Panabo,California,Georgia,428-408-644,"(0944) 713-2630","Grady, Casper and Gaylord",http://www.sawayn.biz/id-eos-tempore-molestiae-quas-quis-sit-optio-fugiat,"Model Maker",fuchsia,1986-10-21,zmurazik@hessel.com,"ch3aGdY.,"
c766df95-c51b-3813-9ed5-d82b063e6d98,Mr.,Erick,Wisozk,"20 Cruickshank Union",qui,"Cavite City",Georgia,Montserrat,203-211-485,"(0922) 760-3689","McLaughlin Group",https://www.koelpin.net/dolore-minima-temporibus-veritatis-enim-dolorem-incidunt,Surveyor,aqua,2001-07-24,bartell.josefina@yahoo.com,]N0-XQa7e)^
5bb874ed-b7a2-382a-a607-d1dee01ca588,Mr.,Luz,Bergnaum,"62/42 Effertz Walks",est,"Puerto Princesa","New Hampshire",Kazakhstan,271-422-984,"+63 (910) 605-4593","Koch, Macejkovic and Kilback",http://ledner.biz/,Cartoonist,maroon,2019-10-16,tess.jakubowski@yahoo.com,6On7:^%w%HP:
918ccc19-a5f9-3359-8358-11f2406384c8,Prof.,Yvette,Lowe,"01A/27 Quigley Hollow",sed,Talisay,Illinois,"Bosnia and Herzegovina",930-600-729,"(0926) 558-3203","Ondricka, Kertzmann and Bergnaum",http://www.nolan.com/non-nesciunt-dignissimos-quis-dolore-vitae-voluptatem-quidem,"Material Moving Worker",olive,2007-04-25,athena.howe@yahoo.com,RD?5.h022
38fb44ea-6312-3c85-805b-b361295738bb,Dr.,Britney,Mante,"15A Rowe Shoal",atque,Dasmariñas,Minnesota,Malta,914-296-482,"+63 (934) 834-6105","Smith, Nienow and Hackett",http://www.satterfield.com/aut-dolor-deleniti-odio-deleniti-neque-reprehenderit-unde,University,yellow,2009-08-30,rickie.konopelski@orn.com,^(cetF6-AHpHa:C
42b695fb-e888-360d-9c3d-01df93f8ed12,Dr.,Simeon,Torphy,"11/79 Reichel Brooks",hic,Baybay,Florida,Martinique,633-014-844,"+63 (942) 361-3351","Kohler, Ritchie and Kuhlman",http://www.muller.com/excepturi-aut-et-laborum-odit-quam-cumque-impedit.html,Woodworker,black,1999-08-07,ddamore@hotmail.com,)9K16/@NTz/l&%1n:rH6
d96c72d3-b35b-37c7-8cb9-2a54970717b9,Prof.,Queenie,Baumbach,"26A/17 Eichmann Place Apt. 282",soluta,Kidapawan,Maryland,Aruba,480-007-779,"(0915) 248-9889","Murray, Schroeder and Crooks",http://witting.com/,"Sawing Machine Operator",gray,2021-09-22,jbalistreri@mcglynn.com,"<4HK_QaM`I@xsk\"
c85696c1-edb1-3545-8579-e88655d6161f,Mr.,Heather,Schimmel,"92A Armstrong Flats Suite 731",blanditiis,Bayugan,Arkansas,Madagascar,683-617-572,"(0911) 250-6974","Hilpert Group",https://jenkins.com/laborum-optio-officiis-consequatur-ut.html,"Laundry OR Dry-Cleaning Worker",gray,1988-12-12,nichole38@hotmail.com,W8n:KNvhs4P!
d6b01ee4-e088-39ae-b7d9-7a48f89f0731,Mr.,Alvah,Towne,"33/97 Jacobs Roads",dolor,Lapu-Lapu,Florida,Panama,315-962-586,"(0926) 423-3160",Denesik-Hodkiewicz,http://www.mills.org/incidunt-quo-odio-et-deleniti-aut-et-sed.html,"Customer Service Representative",purple,1986-01-08,kihn.ignacio@welch.net,"E(91a$uZcEt-\;,""n9tl"
019253f3-2a0f-381b-8722-fa1a1479e199,Miss,Lily,McCullough,"11/77 Turner Glens",eos,Baguio,Nevada,Lesotho,690-272-976,"+63 (922) 231-3158","Bahringer, Keeling and Gutkowski",http://www.rippin.net/et-voluptatem-dolorum-odit-odio-rerum-aliquid.html,"Locomotive Engineer",teal,1985-05-06,wolff.vida@kuhlman.info,"\c&6/6Nec:"
76be4e15-0ae1-3bec-af73-f59ce518c355,Mrs.,Shirley,Lesch,"31A Barton Ridges Suite 289",quis,Tabaco,Hawaii,"New Zealand",313-326-750,"(0974) 356-7416","Hilpert, Pfeffer and Klocko",http://erdman.com/,"Social Worker",teal,1976-07-21,jaylin.breitenberg@hickle.info,amP_tyfk;91
45701fe0-9cff-3a4e-b773-045a4a21837d,Miss,Courtney,Jacobs,"31/76 Kozey Curve",voluptates,Calamba,Maine,"Czech Republic",081-902-110,"+63 (998) 574-2925",Treutel-Thiel,http://padberg.com/debitis-laboriosam-tenetur-mollitia-delectus,"Library Technician",black,2013-11-07,kathlyn25@yahoo.com,H@T`c}7K~ex/C>qPO
a782fe56-de65-3a83-ab74-ce83b5f67ee6,Dr.,Ahmed,Kunze,"55/74 Kutch Parks Suite 138",consequatur,"Iloilo City",Arkansas,Somalia,940-230-286,"+63 (994) 770-9375","Wisozk and Sons",https://funk.info/ducimus-ad-id-veritatis-aut-hic-maiores.html,"Life Science Technician",black,1990-07-19,idoyle@yahoo.com,`m1$U'Q+~]#X
3c86ff40-8fcf-340d-b180-8bd2f4e81abf,Dr.,Monroe,Dickens,"70A/50 Johnson Knolls",atque,Ozamiz,Maryland,"Saint Vincent and the Grenadines",937-867-284,"+63 (910) 254-8871","McCullough and Sons",http://johnson.biz/qui-reprehenderit-voluptatibus-autem-sit-laboriosam-consequatur,Etcher,teal,1997-06-26,barney.franecki@moen.net,R&7yZ!?K0)A#{_x
017d3889-e87a-3b60-a029-8a040c6a76e1,Miss,Unique,Witting,"83/84 Auer Via",sit,Tabuk,Texas,"British Indian Ocean Territory (Chagos Archipelago)",465-962-802,"+63 (910) 386-7027","Runte and Sons",http://www.funk.com/,"Traffic Technician",maroon,1987-02-19,jailyn.mccullough@ohara.com,ZTdr?qT#$&EB!x
7f9750da-5184-304c-a84f-6faf76f08858,Dr.,Shanel,Rempel,"06A/92 Ebert Tunnel",ratione,Makati,"North Dakota","Sierra Leone",459-384-130,"(0938) 930-8423","Daugherty LLC",http://beier.com/,"Oil and gas Operator",black,2016-11-10,braxton.kihn@gmail.com,9OhtCHab@)HNKm#6ZSPi
9a057050-7f5b-31c8-b23c-2a3ace1a596a,Dr.,Burley,Vandervort,"68A Stracke Inlet Apt. 222",occaecati,Laoag,Massachusetts,Tokelau,497-694-984,"(0934) 929-1606","Predovic LLC",http://ondricka.com/rerum-saepe-porro-harum-debitis-mollitia-quia,"Appliance Repairer",olive,2020-07-28,rosendo.oreilly@white.com,Ed>-WjQel
195fbb04-5c3b-3f74-999c-6781a3585f12,Prof.,Alexa,Torphy,"27A/76 Langworth Dale Apt. 687",aut,Olongapo,Vermont,"Hong Kong",154-642-821,"(0937) 806-1002","Kris PLC",https://www.reichert.com/non-id-repellat-temporibus-excepturi-et-illum-minima,"Ship Engineer",purple,1970-11-03,powlowski.josh@hotmail.com,l2_*{u:Zj]Ud
2436d358-164b-30fc-b278-0272a4e066c8,Ms.,Josefa,Braun,"10 Koelpin Mews",provident,Bago,Alabama,Vietnam,790-973-092,"(0932) 807-9673",Mertz-Shields,http://leffler.com/labore-quidem-quos-perspiciatis-est,"Equal Opportunity Representative",navy,1979-06-03,emery.pfannerstill@hotmail.com,"<WE""fa!Y1i:LS"
da79c73f-1213-3532-8b78-556650f2d9e7,Prof.,Narciso,Mann,"92A Cummings Port Suite 546",vel,"San Jose",Washington,"Lao People's Democratic Republic",913-365-424,"+63 (944) 853-1872",Sauer-Zemlak,http://hettinger.com/et-dolorum-earum-quo-et-eligendi-autem-commodi-omnis,"Typesetting Machine Operator",maroon,2014-02-16,lue98@strosin.biz,"}!zS,,%k&A6v&|N"
1e1b8bc8-1d21-33b3-a8d6-d0338798acc4,Ms.,Mason,Mosciski,"35A/40 Langworth Row Apt. 978",est,Balanga,Missouri,"French Guiana",863-930-511,"+63 (922) 178-3613","Crist, Ankunding and Renner",http://kassulke.org/eum-ratione-doloribus-nihil-ut-facere-earum-qui.html,"Public Health Social Worker",teal,2007-12-26,kris94@fadel.com,wTal!Ep^r}
bb4a71f9-4669-3fb2-b4f5-e848d244289d,Prof.,Marcelina,Ebert,"30/25 Thiel Port Apt. 802",ut,Mabalacat,Michigan,"Palestinian Territories",350-928-495,"+63 (918) 633-3380",Rau-White,http://www.williamson.com/est-maiores-minus-et-at-voluptatem,"Computer Security Specialist",purple,2022-11-11,roob.camilla@gmail.com,"Ups-o`\^z8Cna^@jUDp"
cb6fb124-2e24-3b45-9672-f0afffbcd218,Prof.,Destiny,Price,"91A/78 Turcotte Circle",molestiae,Dipolog,"New Hampshire",Niger,571-571-725,"+63 (944) 644-9324",Gusikowski-Carroll,http://wilderman.com/ut-rerum-explicabo-temporibus-quo-non,"Distribution Manager",lime,1991-04-29,ernesto90@yahoo.com,"8h_5sQSGs#^&""hp_zL1v"
4e5a07d5-3162-3deb-b283-96641935fd12,Dr.,Royal,Gislason,"11/59 Nicolas Locks",maiores,"Quezon City",Wisconsin,"American Samoa",005-052-235,"(0947) 973-3491","Larson LLC",http://stanton.biz/cumque-sunt-possimus-eum-molestias-nisi-nulla-et.html,"Hairdresser OR Cosmetologist",yellow,1997-06-08,adams.otho@hotmail.com,053Uss(dr>$hP>6C(N
fd9d7a7a-d1dd-3eef-8701-f8d2b5e6171c,Dr.,Danny,Herzog,"13A/49 Rippin Orchard Suite 197",aliquid,"San Fernando","District of Columbia",Ukraine,434-464-501,"+63 (915) 379-6693",Kautzer-Larson,http://www.jakubowski.net/ut-rerum-officiis-quidem-occaecati-maxime-optio-ad,"Anthropology Teacher",white,2007-05-27,gaylord51@halvorson.com,"/Xd!jl0p^9_i4,"
4976e196-ab3b-3328-bb87-a875e6deb885,Miss,Jayson,Huels,"59A Bartoletti Park Suite 709",aliquam,"San Jose",Pennsylvania,Vanuatu,281-176-253,"+63 (912) 103-8784",Hermann-Schroeder,http://kerluke.com/,"Compliance Officers",maroon,2000-10-09,marion.okuneva@yahoo.com,Px<KhTN
0fb319bf-4bb8-3288-839b-faca70a35af1,Mrs.,Arlo,Spinka,"75A/76 Jones Motorway Suite 559",error,Tagbilaran,"South Carolina","French Guiana",523-946-932,"+63 (917) 615-1233","Crist LLC",https://www.hickle.org/alias-qui-aspernatur-dolor-voluptatum-possimus-aut,"Special Education Teacher",white,1974-07-25,mekhi.connelly@leffler.com,did~%4869X%^j-WhZI
8cb188e5-5f46-3cf0-9fc4-1506d37fdfaf,Dr.,Kaylee,Harvey,"47A/79 Hyatt Key Apt. 116",placeat,Cabadbaran,"New Hampshire","Saint Barthelemy",500-328-797,"(0975) 431-7819",Runte-Carter,http://mills.com/non-dolor-et-autem-qui.html,"Power Plant Operator",navy,1988-12-23,swiegand@hotmail.com,:h;_vhDGce9
d310f109-eafd-3c6e-99d9-58c16a1f24ef,Mr.,Elwyn,Wilderman,"42/18 Rohan Corner Apt. 598",et,Kidapawan,Texas,Vanuatu,214-823-777,"+63 (907) 119-2620","Johnston and Sons",https://roberts.com/cumque-nostrum-est-recusandae-qui-molestiae.html,State,yellow,1987-09-19,sawayn.vicenta@gmail.com,COwyQV]|B_s9y}PJ
664c71d0-3d11-3d6a-9842-c4633549ae5b,Prof.,Brown,Price,"40 Schaefer Port",distinctio,"Masbate City",Montana,Turkey,857-445-683,"+63 (948) 634-6079","Mayert Ltd",http://www.cronin.org/ab-ad-sapiente-illum-doloribus-sapiente-exercitationem-aspernatur,"Textile Machine Operator",maroon,2010-04-16,leonel.shields@yahoo.com,r]6c8C2IH$T_PE
d751ff11-9cb1-3a1d-b7b5-ae7d522b330d,Prof.,Elwin,Stracke,"57/26 Doyle Lock",esse,Pasay,Massachusetts,Zimbabwe,223-602-032,"+63 (907) 140-1290","Schroeder Ltd",http://www.erdman.com/voluptatum-veritatis-repellat-omnis-sed.html,"Stock Clerk",black,1992-08-04,bromaguera@gmail.com,t&'g6*-frlv
25e216d5-5006-3d20-9ee4-639459d9d6e6,Prof.,Kendra,Quitzon,"84/41 Purdy Ramp Apt. 245",voluptatibus,Tagum,Virginia,Somalia,352-034-889,"+63 (921) 778-4508",Streich-Lindgren,http://klein.com/est-maxime-repellat-quisquam-molestias,"Dot Etcher",yellow,2018-05-18,awaelchi@fisher.biz,"lFx9S.@B68a#OO]Wf"""
67f39c1f-c79c-304b-a1fb-7a2e17ee7d62,Prof.,Hayden,Daugherty,"50 Bechtelar Cliffs",ut,Bislig,Mississippi,"Cocos (Keeling) Islands",515-072-944,"(0979) 489-7221","Jerde Group",http://www.hessel.com/vel-aut-qui-voluptas-rerum-eos-quae-qui.html,"Forging Machine Setter",maroon,1998-01-22,gislason.alize@howe.com,"zL,l{K4;p`bIfDZ"
c8952e08-e048-304f-a7ff-f47cb482f9f1,Prof.,Twila,Lubowitz,"06A Jerde Curve",voluptate,Tangub,Nebraska,"Libyan Arab Jamahiriya",463-495-886,"+63 (912) 151-4955","Keeling Ltd",http://www.wiegand.com/odio-aut-sit-labore-voluptas-assumenda-excepturi,"Tractor-Trailer Truck Driver",silver,2003-05-24,percy.goldner@hackett.com,0P:Ylh<
9b2f3652-5ea7-3802-9edc-a67666a4b266,Mr.,Jody,Corkery,"42A/47 Bernier Ford",molestiae,Mabalacat,Nebraska,Ireland,576-647-331,"(0933) 080-7250","Windler, Simonis and Weimann",http://www.gleichner.net/et-ut-ut-temporibus-enim-aspernatur-optio-minima,"Library Worker",silver,2002-04-01,tarmstrong@hotmail.com,!1R0iwZQzygG!GqvC8
62ebdc71-0e80-31c6-a0e2-a2a85f998984,Dr.,Trace,Swift,"39A Hermann Park",voluptas,Cabuyao,Ohio,"El Salvador",004-096-339,"(0939) 374-0934","Harber, Macejkovic and Kihn",http://corkery.biz/est-nam-corrupti-commodi-dolores-magnam,"Calibration Technician OR Instrumentation Technician",green,2012-08-20,mathias31@gmail.com,"tlnr""N3a"
0244d611-206b-3d35-99bd-37c7326974bb,Miss,Queen,Kerluke,"34/43 Lindgren Crescent",consequatur,Ozamiz,Kentucky,"New Caledonia",169-796-609,"(0973) 064-9059","Herman and Sons",https://walsh.net/quia-accusamus-itaque-culpa-numquam.html,"Respiratory Therapy Technician",purple,2024-05-25,kbrown@bashirian.com,3=fH<7
7d95bc0d-efdf-3c60-a123-e98c955135ad,Prof.,Maynard,Jacobson,"68A Stark Roads Suite 936",asperiores,Roxas,Ohio,Norway,680-576-575,"(0948) 119-5519","Conn, Turcotte and Welch",http://gerlach.com/et-voluptatem-dolores-ullam-eum-molestiae-ut,"Plant and System Operator",lime,2009-03-09,breichel@gmail.com,d5fYPtGv8w
63fb24ff-80b0-3eb0-80ec-9f625f10bf8a,Mr.,Joy,Lind,"25A/07 Ondricka Circle",eius,Biñan,"North Dakota",Ukraine,054-225-380,"(0977) 162-1878","Wehner, Hane and Bednar",http://blanda.com/accusantium-sunt-et-totam-sed-corrupti-illo-perferendis,"Life Science Technician",maroon,1992-10-06,harvey.alexanne@yahoo.com,43jX*K
d8be001d-2508-37a3-ab88-979ef7c5ff3f,Dr.,Crystal,Roberts,"39A/24 Skiles Pines Suite 963",illo,Dasmariñas,Idaho,Vanuatu,045-290-989,"+63 (940) 786-1952","Kemmer, Romaguera and Ebert",http://kilback.org/accusantium-quas-repellendus-non-consequatur-eos,"Makeup Artists",teal,1999-04-11,bayer.marlin@stark.com,",a._FPnH)rhkibYr"
51d69d3a-36aa-3b39-b9f1-8af57320338a,Mr.,Kristy,Howe,"32 Nitzsche Valley Suite 177",adipisci,Tangub,Florida,Burundi,457-624-613,"+63 (997) 800-5127","Walker, Fahey and Bahringer",http://jerde.net/a-aut-alias-quibusdam-doloremque,"Woodworking Machine Setter",yellow,1988-08-22,antonetta56@labadie.biz,<SR^co!k7~c~n`4+c<
d9e4dcf3-939e-3316-b067-517e521b29b1,Ms.,Yasmin,Gulgowski,"14/46 Bartell Lakes Suite 550",vel,Digos,Kentucky,"Papua New Guinea",692-787-311,"+63 (989) 223-1894","Volkman, Crona and Skiles",http://www.gibson.org/,"Forging Machine Setter",yellow,2023-03-11,brandon71@hotmail.com,GzrP~$$CpFao)s:@z~
7151b910-141a-375b-8cab-f3bb1ee859a8,Miss,Arvilla,Koch,"74/67 Borer Fall",non,Cadiz,Texas,Slovenia,637-811-328,"(0943) 808-1018",Gibson-Davis,http://smitham.com/,"Copy Writer",silver,2015-09-23,white.arely@kozey.com,"AEI:T%M""~ghPB<"
23ac12be-c925-352c-a732-6e1f72326396,Miss,Gladys,Jakubowski,"75A/83 O'Hara Ridges",recusandae,Koronadal,"North Dakota",Bangladesh,187-682-667,"+63 (921) 729-6514","Daniel, Goldner and Gottlieb",http://rutherford.com/occaecati-et-inventore-ut-corrupti-voluptate-labore,"Aircraft Body Repairer",fuchsia,1993-05-19,yvette.toy@yahoo.com,"t,N};Hjz"
5a7e0154-78ed-36bf-908f-ebf412fc5a0a,Prof.,Leonardo,Reynolds,"46/68 Blanda Club Apt. 461",cupiditate,Vigan,Tennessee,Iceland,777-200-774,"+63 (906) 451-4914","Hoeger Group",http://nicolas.com/porro-nobis-accusamus-non-facilis-non-fugiat-quas.html,Sociologist,silver,2018-02-06,conner77@armstrong.com,"-fN8^BMeo]%Hg>U&,9["
a4b08b60-fc2a-33e6-9aa6-72f9eb0ef340,Miss,Jerad,O'Hara,"77A/01 Turcotte Way Suite 352",dolor,"Cagayan de Oro",Vermont,Uzbekistan,308-162-575,"+63 (937) 497-5500","Waelchi, Parisian and Anderson",http://mcglynn.com/,"Electrolytic Plating Machine Operator",silver,1990-03-03,koelpin.marco@yahoo.com,"qil>*}tP""(#9aEoYz,T>"
30a08fb9-3bc2-3856-b570-598e5ca824f2,Miss,Eda,Kessler,"88A/39 Torp Village",in,Palayan,"South Carolina",Colombia,694-706-579,"+63 (929) 349-3115","Friesen, Haag and Sawayn",https://damore.com/eum-aut-tempora-quo-eius-cupiditate.html,Tailor,yellow,1984-02-05,melyssa.hudson@gmail.com,ZdGgpr
bff1f744-4c0a-305c-9d77-165391fb16ca,Ms.,Olaf,Botsford,"25 Stamm Course",voluptates,"Cotabato City",Illinois,Malawi,295-307-153,"(0923) 698-2571","Smith PLC",https://watsica.net/est-aut-quia-qui-est-ut-non-qui.html,"Administrative Services Manager",yellow,2024-05-04,santiago74@gmail.com,Ko6-<Ju)q?E:%r6
b0bf3fbe-f994-362e-8dba-e5a1d170b2c2,Prof.,Lelah,Sauer,"88A/96 Ziemann Route Apt. 274",repudiandae,Marawi,Alaska,Guinea-Bissau,398-544-477,"(0931) 748-1998",Reichel-Schumm,http://www.crist.org/,"Electro-Mechanical Technician",purple,2008-08-28,oran62@hotmail.com,#_2?S>p5
0683cb9f-ee22-362a-bb4c-f9f015f950fe,Dr.,Judah,Schulist,"49A/48 Barrows Ranch Suite 924",quae,Valencia,Utah,Uruguay,035-378-711,"+63 (917) 791-2715","Lind, Pacocha and Sauer",http://www.kuhlman.net/vel-vel-magni-maxime-doloribus.html,Council,aqua,2024-07-09,istokes@weissnat.org,:%WvB?`dzH^PS
4977a344-8c0f-368f-a108-be9338647d68,Mr.,Merl,Considine,"34/18 Reichert Islands",odit,"San Jose del Monte","New York",Micronesia,965-262-004,"+63 (946) 606-4789","Nader LLC",http://gislason.biz/,Historian,purple,2013-01-11,leatha.greenholt@gmail.com,"$l:qfb|v%qJ&""N0""N|"
0cefd47c-2485-30d9-8dec-726591f4fe7a,Dr.,Anderson,Johns,"36A Bruen Mission Apt. 665",porro,Borongan,Iowa,Kazakhstan,863-173-769,"(0998) 116-2098","Miller, Berge and Koelpin",http://durgan.net/voluptates-facere-aliquam-nulla,"Police Detective",aqua,1989-12-15,roel.gerlach@hotmail.com,6(zBqA7
1c7b5e7b-cae2-352c-a15c-c59f5ba5c23f,Dr.,Ona,O'Kon,"43/76 Goldner Valley Suite 422",eum,"Cagayan de Oro",Nevada,Cambodia,436-600-692,"+63 (917) 285-6207",Klein-Huels,https://www.mosciski.net/minima-sed-error-et-dolorem-ipsum-laboriosam,"Museum Conservator",white,1973-10-05,zoe25@hotmail.com,~bUXAMBG:O
f69e527e-e0be-3e03-8f4d-c6ae17886e3a,Miss,William,Wilderman,"96A/04 Kozey Turnpike Suite 458",aut,Palayan,Wisconsin,Cameroon,452-124-861,"+63 (921) 015-0961","Reynolds, Keeling and Kertzmann",http://www.boyle.org/,"Truck Driver",blue,2008-12-08,marcia02@hotmail.com,@ocDC_;M1:j1YO8rP6v
3c4ae51a-b23f-34e0-b2b3-6ea0c6426362,Mr.,Vesta,McLaughlin,"11A Lindgren Cove Suite 154",eos,Bayugan,Oregon,Malta,568-125-658,"(0813) 054-3887",McLaughlin-Stoltenberg,http://frami.com/,"Textile Worker",aqua,1973-01-07,rusty79@gmail.com,'v<mG*9
64241e8b-5624-3990-ac5b-4155857b3c1c,Ms.,Danyka,Torp,"36/53 Wisozk Loaf",reprehenderit,Tanjay,Nevada,Vanuatu,406-840-992,"(0930) 617-1317",Greenfelder-Barton,http://murazik.com/sunt-dolorem-et-ipsam-corrupti-voluptates.html,"Biological Scientist",fuchsia,1988-11-07,tomasa.thompson@ebert.com,"ko~,M4"
d6602189-30b4-3463-a18d-1eb99679bb79,Prof.,Dawson,Mosciski,"49/14 Breitenberg Island Suite 225",et,Legazpi,Illinois,"Northern Mariana Islands",051-567-621,"(0932) 176-0090",O'Reilly-Gislason,https://conn.info/et-laborum-maiores-nesciunt-ipsam-labore-in.html,"Refractory Materials Repairer",teal,1993-08-01,cwehner@hoppe.org,7]4r<yFqb!^`onZf
0c643307-06a4-35fc-a224-338e821e71fc,Dr.,Alba,Lang,"30/24 Collins Extensions Apt. 944",quasi,Tanauan,Hawaii,Guinea,874-047-756,"(0923) 224-5040","Ledner, Klein and Schinner",http://www.purdy.biz/enim-minima-pariatur-qui-dicta-quia.html,"Boat Builder and Shipwright",navy,1993-07-17,carroll.fidel@hotmail.com,=F3j4S
e8420244-7a51-3ccb-ada5-6ab967e28aa5,Mrs.,Alfred,Wisoky,"33A Hilpert Ways Suite 043",error,"Iloilo City",Connecticut,"Antigua and Barbuda",033-754-433,"+63 (997) 089-9943","Aufderhar LLC",http://www.botsford.com/est-eum-ab-sunt,"Central Office and PBX Installers",navy,1997-04-01,ava.huels@gmail.com,"0Vg>i,l"
6be23ba5-25df-3656-af1d-750d52aabe85,Mr.,Marvin,West,"93A Kilback Streets",nobis,Lamitan,Tennessee,Nigeria,160-738-787,"(0906) 710-0150","Kuphal, Stanton and Kovacek",http://www.schumm.net/doloremque-excepturi-sequi-repellat-et-dolorum,"Recreation Worker",navy,1971-12-09,virgie.heidenreich@zieme.biz,c8A<:(k)[tgv_u
2b32748a-7d81-3363-ba6a-5a01c566fd72,Dr.,Neva,Koch,"39 Sauer Village",cumque,Tanjay,Texas,Grenada,169-995-663,"(0908) 908-6952","Renner PLC",http://herzog.com/optio-nulla-omnis-sunt-et-autem-optio,"Musician OR Singer",silver,1973-12-16,avery18@jacobson.net,":<b\jyt\MFc~XF$C(-"
d57f284b-95b1-3527-9f33-b5a77edfa594,Dr.,Abagail,Murazik,"81 Satterfield Cliff",dolorum,"Cotabato City",Missouri,Latvia,476-004-094,"+63 (908) 541-4373",Harber-Farrell,http://www.osinski.biz/est-cumque-sed-autem-officiis,"Medical Transcriptionist",green,1998-02-03,elise.sporer@yahoo.com,"""v6>t_Iga*)]2H"
3e48d947-c4a2-3b17-b487-1cce5507c51c,Prof.,Vincenza,Flatley,"28A/38 Durgan Route Suite 871",corrupti,Cauayan,"New Jersey","Sao Tome and Principe",941-905-040,"+63 (917) 433-7985",Rowe-Shields,https://christiansen.com/id-vero-quis-tenetur-suscipit.html,Photographer,gray,2016-12-27,waelchi.montana@gmail.com,dmN5YKA|Bx*yG$Jq]K
88d7f588-9d0d-368a-b500-a938eaf9d46b,Prof.,Freeman,Schneider,"81A Lynch Hollow Apt. 153",unde,Mandaue,"North Dakota",Barbados,123-295-462,"+63 (942) 578-6926",Strosin-Kris,http://www.krajcik.net/suscipit-itaque-quod-dignissimos-enim-magnam.html,"School Bus Driver",navy,2000-12-07,xkulas@hotmail.com,".t8Zg+KK|!-Y+""\"
77289a09-69d6-30d6-9fb8-a54ba7147b45,Mr.,Georgianna,Greenholt,"79 Hegmann Unions Suite 287",reiciendis,Toledo,"South Carolina","Czech Republic",892-559-369,"(0999) 847-2124","Lindgren Ltd",https://www.thiel.com/possimus-tempore-nisi-libero-excepturi-et,"Proofreaders and Copy Marker",white,2018-09-24,deonte94@flatley.com,@d)l/C14BLqB6)b#5>
30121be2-0abb-3f2a-9499-e084ad90c873,Miss,Kennith,Miller,"18 Dach Circles",impedit,Toledo,Alabama,Cuba,048-093-402,"+63 (999) 340-7028","Dibbert Ltd",https://www.russel.org/hic-et-omnis-unde-ea,"Industrial-Organizational Psychologist",black,1982-01-27,paula.gerlach@gmail.com,":tv0w-rB8\lbo"
170e076c-3d3d-3ecb-8834-847528d9d8d2,Ms.,Orin,Lueilwitz,"27/29 Heathcote Brook Suite 145",dolorem,Tayabas,Indiana,"Libyan Arab Jamahiriya",962-947-999,"(0997) 350-5071",Bernhard-Lemke,http://www.waters.com/consectetur-id-adipisci-totam-quidem-iusto-ea,"Special Force",black,2018-02-03,gjast@oconner.com,Nas]%is^PQdV|
c76b9821-f042-375e-bfa5-b83bdf50086e,Prof.,Marianna,Dietrich,"94 Kuhic Loaf Apt. 185",veniam,Maasin,Nebraska,Nigeria,972-575-814,"+63 (979) 836-7509","Ruecker, White and Windler",http://www.johnson.com/recusandae-similique-laborum-vero-cumque-quo-aliquam-vel.html,"Wellhead Pumper",fuchsia,1992-10-29,lina.nader@cummings.com,Jg<A`k8aE
b5b03129-5a0d-34ba-9c19-03e94db2a228,Prof.,Nikki,Cassin,"73 Heaney Place Suite 610",et,"Sorsogon City",Massachusetts,Korea,332-435-220,"+63 (930) 739-3434","Romaguera, Heidenreich and Welch",http://www.dibbert.net/,"Market Research Analyst",blue,2006-04-25,breitenberg.stephen@oberbrunner.com,"G5i8;XDH5B$Zy*1D,d"
b3440714-24e3-3861-b75b-f54ad73609d8,Mr.,Jazmin,Windler,"01A/42 Rogahn Lake Apt. 711",illum,Lapu-Lapu,Arizona,Iran,301-628-547,"+63 (946) 309-3470","Dickens Group",https://www.feest.com/accusamus-nisi-perspiciatis-nulla-sed-possimus-a-totam,"Data Processing Equipment Repairer",gray,2010-07-07,shaylee.bartoletti@gmail.com,"mYzY,#W@O'6vJ"
919b62d2-8bb5-3bd9-8ccd-0bcd4a6fed86,Mrs.,Chance,Bradtke,"57 Ebert Prairie",neque,Cabuyao,Mississippi,Andorra,248-641-161,"(0949) 530-5598","Dicki PLC",https://www.feil.biz/laboriosam-consequuntur-dolores-dolore-dolore-aut,"Financial Examiner",silver,1970-05-15,schulist.kiana@langworth.com,Pn(op%#_YKC0uF
1ccd9209-c714-3d78-a423-2c5c8ab155f5,Prof.,Maritza,Harvey,"26A/87 Monahan Summit",et,Pasay,Illinois,Tonga,683-023-657,"(0923) 536-3482",Gorczany-Ullrich,http://www.gutmann.com/non-hic-sint-error-voluptas-quia,"Parking Enforcement Worker",maroon,2020-02-01,shania.adams@rice.com,x$4ig}
bdd3bbd6-0a03-334c-afec-b95f000e3c1b,Dr.,Edythe,Howell,"20A Walsh Path Apt. 497",quibusdam,Pagadian,Iowa,Malta,485-672-529,"(0937) 384-4742","Jaskolski, Schultz and Wehner",http://www.murazik.com/at-quae-impedit-alias-laborum-quam-voluptate-accusamus-consequatur,"User Experience Manager",teal,2007-01-31,aubrey.schaefer@kub.com,v8Y=xl
46d8fd6d-6bce-3c4e-86e9-2b78b0482e39,Mr.,Theo,Harber,"32/55 Graham Light Suite 837",vel,Tangub,Washington,"New Caledonia",361-040-120,"+63 (979) 852-3150",O'Conner-D'Amore,http://www.sauer.com/pariatur-sit-illum-reiciendis-est,"Washing Equipment Operator",fuchsia,1983-02-21,enrico.hoeger@yahoo.com,"P?9t/?\$:$\]A-Ft("
9b638b27-0bfc-3386-9028-396a4ca9e2b4,Dr.,Dallin,Dickens,"73A/23 Runte Bridge",omnis,Naga,Utah,Sudan,392-102-997,"+63 (923) 517-4550","Johnston Ltd",http://www.klein.net/et-cupiditate-commodi-eveniet-culpa-numquam,"English Language Teacher",olive,2020-01-15,aletha.hagenes@mcglynn.com,":Q""LebmUUh:ri5WS!V"
3039e91b-d7b5-35a3-a47b-a8e59337ca53,Mr.,Zachariah,Crist,"69A Wisoky Haven",eos,"San Pedro",Colorado,"French Guiana",275-173-774,"+63 (900) 825-1168","Buckridge LLC",http://www.hilpert.com/et-eligendi-est-commodi-at-dolore.html,"Extruding and Drawing Machine Operator",teal,1998-01-24,stanton.pedro@gmail.com,"4WQV/2<A$Q8\I{AC-'{f"
4da9c764-bcc0-3aa9-b272-3ae0d5e1916c,Mrs.,Deangelo,Kub,"95A/22 Prosacco Hills",ut,Dagupan,"District of Columbia",Kenya,130-209-795,"(0948) 315-0418","Rosenbaum, Schulist and Cremin",http://www.gorczany.com/quo-a-at-ut-facere-quos-ex,"Mail Clerk",maroon,2016-01-13,mbarrows@feest.com,@H5dV4B&npIwhRclN
47fae089-76e0-3b62-aa78-a0e13f997602,Prof.,Alexandro,Legros,"42/97 Lockman Valleys",quis,"Santa Rosa",Illinois,Turkey,827-247-429,"+63 (906) 174-4735","Rosenbaum, Crooks and Leffler",http://www.ondricka.biz/,Courier,olive,1976-04-09,orau@thiel.com,YX?7QvwtG
0de65971-4cfa-3eb5-8b25-93a87beed46b,Dr.,Loraine,Wiegand,"85A/52 Hansen Terrace",molestias,Dapitan,"West Virginia",Serbia,380-540-132,"(0817) 275-1601","Bartell Ltd",http://www.little.com/qui-voluptatem-recusandae-similique-id.html,"Music Director",silver,1983-05-16,hudson.fern@yahoo.com,h!'|U(4MPq$~
4816f8bb-6695-38ea-83ce-fa0c528952d0,Mr.,Fay,Bode,"68A Prohaska Junction",id,Marawi,"New York","Brunei Darussalam",358-095-023,"(0900) 796-8843","Predovic, Barrows and Leffler",http://hermiston.info/minus-excepturi-adipisci-perspiciatis-est,"Court Clerk",yellow,1973-09-01,yasmeen87@altenwerth.com,"+vp|bfHjnIRKp\5`*="
5b1e15e0-d517-318c-b7c7-9e7882f159e2,Dr.,Hank,Kunze,"34/78 Goyette Valley",ducimus,"Zamboanga City",Oregon,Germany,209-806-670,"+63 (931) 441-8656","Stark Group",https://schiller.org/omnis-porro-nihil-ad-cupiditate-eos.html,"Fraud Investigator",teal,2006-06-10,brakus.elise@bernhard.biz,"V|LZ^\2_'@#I2"
7d6de956-ebff-3b0d-a7a9-7b8967558108,Mr.,Ellis,Klocko,"61/63 Luettgen Plaza Suite 575",eos,"Las Piñas",Ohio,"Saint Vincent and the Grenadines",237-216-139,"+63 (978) 745-7210",West-Langosh,http://www.runolfsson.org/repudiandae-numquam-inventore-repellat-repudiandae-et-voluptatum,"Office Clerk",blue,1991-04-15,delphine.dickinson@hotmail.com,&I2<O^2A=I3Q{*
09b7a56b-88ce-3d64-b60d-5898ff0f2c29,Ms.,Kathleen,Stracke,"98A/62 Wolf Burgs",necessitatibus,Antipolo,"District of Columbia",Uruguay,810-917-042,"(0949) 827-9488","Glover, Stracke and Powlowski",http://schumm.com/sint-aut-iusto-ab-exercitationem-autem-ullam-dolor,"Pharmacy Aide",purple,2006-10-17,hherman@koss.com,aY|XJ)Q:tcSZk%I(
59d02b65-8feb-36e2-acf6-b8ffc677996c,Dr.,Katelynn,Wilderman,"76 Gusikowski Road",incidunt,"Cagayan de Oro",Virginia,Mexico,391-896-972,"+63 (907) 352-9650","Herman Inc",http://www.mclaughlin.biz/,"Alteration Tailor",blue,1999-05-21,astrid90@yahoo.com,z-#!dZC~}D;.B
0e827673-4db8-3a59-8109-b316d3c18701,Ms.,Jon,Cremin,"50 Stiedemann Gateway",eaque,Calbayog,Vermont,Guadeloupe,230-652-967,"(0942) 100-5139","Glover, Batz and Feest",http://stoltenberg.org/eaque-et-qui-ipsum-sint-nam.html,"Tax Preparer",blue,1972-04-12,kreiger.caesar@yahoo.com,":CRq[\.A_gf2k"
2c936767-953e-3e86-a10a-c97b8c736c5f,Mr.,Brisa,Kutch,"57A/13 Walsh Harbors Suite 060",nam,Bacoor,Michigan,Palau,273-659-436,"(0974) 401-6657","Greenholt Ltd",http://schuster.org/consequatur-pariatur-fuga-qui-blanditiis-accusantium-consequatur-omnis,"Mechanical Equipment Sales Representative",yellow,2011-01-13,pwaelchi@marquardt.com,bzxN)0xYupHo]
677f522d-35a0-3da3-b11f-e3ac8a4f510d,Dr.,Rex,Schuppe,"81/75 Hamill Hills",aut,Ozamiz,Texas,Guinea-Bissau,246-181-900,"+63 (912) 514-3936","Schmitt and Sons",http://www.gutmann.com/nostrum-quia-sint-provident-recusandae-itaque-dolorum-aut-perspiciatis,Pipefitter,yellow,1979-01-26,braeden73@anderson.info,",.Yx8l~c\[v*Cm/W8"
894d26f7-97ce-3193-8653-e73dea010577,Mrs.,Austyn,Kirlin,"41/55 Douglas Street",perferendis,"Puerto Princesa",Pennsylvania,Kenya,527-589-307,"+63 (928) 720-8658",Cole-Jones,http://mosciski.biz/consectetur-temporibus-nihil-adipisci-voluptatem-culpa,"Stock Clerk",maroon,2019-02-04,hane.hilbert@cronin.com,t4qG&2={N`dj<
ffc8ee9c-d062-325a-8cc9-ac3b9a20990f,Mrs.,Breana,O'Conner,"06A/46 Boyle Keys",nisi,"Cagayan de Oro",Montana,Peru,023-502-710,"+63 (997) 586-9492","Ankunding LLC",http://ortiz.com/eum-voluptates-ut-earum-qui-aliquid-doloremque,"Photoengraving Machine Operator",teal,1971-08-14,jameson.stiedemann@price.info,"cf.S+\*.$)TB=m?"
344ce6a0-e43c-36b2-8aa4-bcf69f96cbad,Prof.,Camila,Fritsch,"34/32 Hackett Stream Apt. 385",quos,Mabalacat,Illinois,Serbia,210-680-085,"+63 (946) 791-0248","Hermiston Inc",http://pagac.com/a-incidunt-porro-facilis-expedita-sit-dolor.html,"Fabric Mender",green,2004-12-29,vgreenfelder@gmail.com,DAxsauR9qA6oQ^kg
37c5e942-365e-3a0f-9938-c5859d9ee2be,Prof.,Vivienne,Emmerich,"30A Goldner Loaf",voluptatem,Baguio,Florida,Namibia,792-683-313,"(0946) 620-1033","Conn Group",http://schamberger.com/illo-rem-asperiores-maxime-quisquam.html,"Plating Machine Operator",yellow,2005-06-24,woconnell@yahoo.com,"60Ok,w7R?"
8a1a1400-664b-39d2-8e29-c0faf8e7df24,Mr.,Alfonso,Muller,"26A Nader Mountain",doloribus,"Puerto Princesa",Utah,"Svalbard & Jan Mayen Islands",180-197-101,"+63 (916) 347-8844",Kozey-Rice,http://www.fahey.net/ea-incidunt-eaque-consequatur,"Medical Scientists",silver,1990-03-30,hamill.sabryna@west.com,"\xF}>#<~96gap4y0zS"
17fdfb70-43c6-3527-981b-8c24868cc70d,Dr.,Myriam,Bruen,"70/60 O'Conner Ville",excepturi,Carcar,Wisconsin,Rwanda,992-284-841,"(0910) 270-7994","Hamill and Sons",http://hills.net/,"Dental Laboratory Technician",teal,2005-03-25,sally31@wyman.com,1Zn#h`Hz[J$O-qHs
3a7d0ff2-291a-35cf-b310-6d5a16076a18,Prof.,Rosalind,Gusikowski,"22A/40 Maggio Views",voluptatem,Makati,Pennsylvania,Nicaragua,075-210-011,"(0942) 422-3154",Hand-Crona,http://johnston.com/saepe-repellat-labore-ut-doloremque,"Middle School Teacher",teal,1973-04-06,josefa57@yahoo.com,$xY>]w}1Lde=MzY/`
5a632b71-f5af-3065-8023-cb286793d71f,Ms.,Dayna,Gorczany,"53A Ruecker Falls",similique,Makati,"New Jersey",Somalia,205-473-511,"(0975) 265-4522","Torp, Heller and Denesik",https://www.runte.org/eius-molestiae-a-aperiam-voluptas-et-deserunt,Geoscientists,yellow,2001-06-03,donnie32@friesen.com,"dRu`_2V\eXK-(A6"
97f84fb9-590b-314a-b20a-0e192ea07380,Prof.,Mark,Boyle,"51A/98 O'Reilly Park Apt. 791",consectetur,Bacoor,Washington,Ecuador,605-073-511,"+63 (934) 826-4360","Smith LLC",http://www.schulist.net/expedita-eveniet-eos-repudiandae-corrupti,"Chemical Engineer",green,1993-05-29,hermiston.carley@kemmer.net,"!d""gBq%"
094f4f69-e907-3962-a1d4-f95384af3eb7,Dr.,Darius,Stoltenberg,"93/48 Orn Ranch",perferendis,Valencia,Massachusetts,Ghana,034-257-278,"(0936) 828-1761","Rau, Kerluke and Quigley",http://rippin.com/eveniet-sunt-sit-possimus-et,Heaters,olive,1977-11-24,wisozk.glenna@gmail.com,tb:Zwi(
0e67a344-5db3-3856-a293-19290c4cc2d4,Dr.,Salvatore,Gulgowski,"90/59 Eichmann Stravenue",aliquid,Bago,Indiana,Armenia,880-734-419,"(0947) 874-7890",Kozey-Murray,http://medhurst.net/sit-et-laudantium-voluptates-sapiente-et-non.html,"Financial Services Sales Agent",silver,2020-07-12,bschmitt@gmail.com,HJr!*Mt^deBH
2d84e799-0f9e-3fca-bb19-4b4b87dc04be,Dr.,Kelli,Bergnaum,"95A Stokes Haven",distinctio,"Iloilo City",Iowa,Colombia,560-220-030,"+63 (939) 475-6430","Ledner, Boyer and Jenkins",http://www.rempel.com/ut-assumenda-sit-doloribus,"Real Estate Sales Agent",yellow,1989-12-07,wbins@hotmail.com,|2Mh'YN}6+s7
c3633157-0d24-3052-8480-d2631cb71107,Dr.,Colt,Dicki,"53 Parisian Flats",beatae,Palayan,Delaware,"Northern Mariana Islands",162-145-053,"+63 (923) 616-5613",Wilderman-Grimes,http://wisoky.biz/,"Agricultural Manager",aqua,1975-09-10,vwilkinson@gmail.com,%WiCVYxAr$qQi
8e9f68ae-bd1e-368b-aa72-11c93d269d2d,Dr.,Skyla,Pollich,"66/57 Berge Curve Apt. 536",iste,Santiago,Georgia,Belize,488-872-764,"+63 (905) 004-5148","Kreiger, Johns and Strosin",http://walker.com/libero-et-eum-molestiae-laboriosam,"Lathe Operator",aqua,2003-08-29,karley63@kessler.biz,h5}$!T9VkTe5n/Y
fe1d3c25-feb0-3486-bb17-249931f127b4,Prof.,Erich,Swaniawski,"97/25 Rodriguez Fords Apt. 263",totam,Taguig,Hawaii,"Saint Helena",918-132-139,"(0922) 943-7801","Klocko PLC",http://www.bauch.com/cum-culpa-est-occaecati-ut-quidem-minima-officia-recusandae.html,"Taxi Drivers and Chauffeur",purple,2002-06-28,kacie21@strosin.com,"EvGCcuz""U]c'a]*"
0220262c-878e-397d-835a-d40651756138,Dr.,Veronica,Muller,"51A/17 Boehm Haven Apt. 500",aperiam,Talisay,Virginia,Yemen,894-761-658,"(0905) 423-9650",Marks-Mills,http://swift.com/autem-ut-fugiat-et-iure-a-rerum-occaecati.html,"Alteration Tailor",navy,1991-01-12,richard44@sporer.com,}h&uM)!^4IKbqm|p(Gi(
af00adb7-1363-305a-86bb-bc152e42550f,Dr.,Camilla,Lockman,"60/67 Tillman Curve",minus,Dumaguete,Oregon,Barbados,228-403-555,"+63 (971) 930-6412","Jacobi, Stark and Lemke",http://www.crona.org/eligendi-nemo-laborum-sunt-sit-eveniet-ex-et,"Supervisor of Police",white,1994-03-14,cleta.wilderman@tremblay.biz,>5FYm-!uoVcjKi
26d0564f-f897-3ad2-a10d-3ac0d5520c23,Prof.,Blair,Hermiston,"58A Fisher Freeway Apt. 085",cum,Tagum,Tennessee,Japan,575-571-328,"+63 (813) 226-0724","Steuber, Kozey and Weimann",http://towne.info/quia-dolore-maxime-natus-aspernatur-explicabo,"Flight Attendant",fuchsia,2010-03-14,mellie31@anderson.info,#W@HG7Q
289e8c51-f5ce-3fef-b6c5-ea530e6cde21,Prof.,Imelda,Leffler,"06A Robel Walk Suite 061",vero,"Batangas City",Wyoming,Georgia,142-945-346,"+63 (917) 462-9767","Jacobi and Sons",http://hudson.org/,"Fish Game Warden",yellow,1970-12-12,janiya37@yahoo.com,#Z<@/6
82738d03-2dbd-3009-9607-9b50ae0477dc,Miss,Hertha,Mitchell,"99A Parisian Fields",sed,"San Pablo",Vermont,Thailand,541-684-053,"(0979) 067-4916","Zieme PLC",http://www.abshire.org/quam-aliquid-impedit-inventore.html,"Cutting Machine Operator",white,1980-04-10,reginald50@gmail.com,"[Ei]:72y+RZE,pfN"
b2e42dcb-e2a5-3c07-99ce-14364c403c9c,Prof.,Evalyn,Littel,"30 Lind Prairie",sapiente,Baguio,Wyoming,Ukraine,595-830-937,"(0979) 184-7671","Kub, Koss and Hill",http://mosciski.com/cupiditate-sunt-voluptates-itaque-non.html,"Business Operations Specialist",silver,1980-11-19,faustino95@hotmail.com,N2#N8l~ZyG4.
eeda35c4-6497-3b9c-ae72-7f5f5271378c,Miss,Elijah,Dickinson,"76A Wolf Mountain",alias,Pasig,Colorado,"Faroe Islands",601-066-878,"+63 (915) 840-9975",Macejkovic-Frami,https://schroeder.com/sit-sit-quod-doloribus-aperiam-ut-nulla-officiis.html,"Industrial Production Manager",fuchsia,2016-11-30,qmosciski@hyatt.net,F-[W/~?OtB#(/
bc3073c6-77b6-3eff-86a8-f6b551a1e4f7,Mr.,Rahul,Keebler,"42A/13 Bruen Cape",quidem,Tayabas,Washington,"San Marino",256-419-614,"+63 (932) 059-0757","Nicolas PLC",http://oconnell.com/,"Advertising Sales Agent",fuchsia,2003-01-03,abel.zboncak@franecki.com,a]gaJb0|0j
72dc83ac-6862-3679-932a-e8b38fbcd2bc,Mrs.,Magali,Mayer,"52 Smitham Burg Suite 380",voluptatum,"Sorsogon City",Delaware,Angola,807-527-472,"(0974) 137-4303","Thiel, Conroy and Waelchi",https://ullrich.com/rerum-eligendi-eius-inventore-enim.html,University,purple,1989-05-03,evie35@parker.info,y%0L.AVzW?I
a2837391-a459-3f2e-9a79-d023fe49c4a9,Prof.,Tristian,Schimmel,"96A/56 Roob Drive Apt. 351",ipsa,Escalante,Hawaii,"Saint Vincent and the Grenadines",339-601-332,"+63 (994) 974-4946","Batz, Sporer and Pacocha",http://lynch.com/iusto-saepe-assumenda-exercitationem-corrupti-sed.html,"Agricultural Sciences Teacher",navy,1998-10-10,brennan80@will.com,L@ic:1-<S(LyBjaX*&6
78155fea-5188-3fbe-bde4-06c308893d84,Mr.,Alysson,Wilderman,"45 O'Keefe Views Suite 538",nihil,"Zamboanga City",Michigan,Poland,225-277-581,"+63 (935) 016-9518",Jast-Huel,http://www.harber.com/ducimus-laboriosam-iste-magni-eaque,"Food Preparation",teal,1981-07-21,lucienne.herman@brekke.com,jfp&-#EoM.c7`(=3.05
59884277-70cb-371c-9f36-c819b341d676,Dr.,Jayne,Tillman,"05A Beier Turnpike Suite 920",nobis,Dumaguete,Kentucky,Mongolia,898-433-775,"+63 (908) 557-1561","Feil, Rutherford and Christiansen",http://mayert.com/nihil-corrupti-repudiandae-est-consequatur-qui-beatae-expedita,"Animal Care Workers",maroon,2005-05-21,kschiller@gmail.com,^+Ir9NFLGyU#2D
f7fd4837-97dc-3883-969e-9736ab6f47c5,Prof.,Loren,Swift,"36A Schoen Extensions Apt. 067",facere,"Cotabato City","New York","Falkland Islands (Malvinas)",048-393-833,"+63 (940) 842-4667",Treutel-Altenwerth,http://walter.com/,"Gas Pumping Station Operator",purple,1988-01-30,kuhn.edwina@gmail.com,"\:V6_R;rex>?TuFA"
86e2e65f-5a01-3dd3-b270-f5d37d2f5728,Dr.,Asa,Durgan,"17A Wuckert Track",excepturi,Antipolo,Hawaii,Finland,787-656-581,"+63 (973) 760-9679","O'Kon Group",http://www.beer.info/molestias-exercitationem-aut-atque-quia.html,Architect,lime,2022-01-30,ilangworth@gmail.com,$C(8C%nb/I3f^)d
9c2f4e80-4c38-38a3-a919-eaf5e575ddbb,Mr.,Grayson,Herman,"63 Mante Cliffs",laboriosam,Malaybalay,Georgia,Benin,831-273-540,"+63 (939) 759-4532","Considine Ltd",https://streich.com/nostrum-assumenda-aspernatur-adipisci-repellendus-sunt-distinctio-numquam-nisi.html,"Bench Jeweler",yellow,2022-06-25,buckridge.bridgette@mckenzie.com,"""O.!&z$%z@I:%3-eeQ"
859fb140-e49d-3c01-9ab4-8d2711a990f6,Dr.,Rafaela,Koelpin,"96/56 Nitzsche Key",porro,Batac,Connecticut,Cambodia,626-681-201,"(0977) 782-3336",Friesen-Beatty,http://www.feil.biz/qui-perspiciatis-et-et-assumenda,Welder-Fitter,teal,2000-01-14,xbernhard@hackett.net,"Jce5_""DUm2nZ<L&"
aa1d2386-c772-33b3-b848-ebec1c3457a4,Prof.,Jairo,Gulgowski,"66A Denesik Island Apt. 995",unde,Angeles,Montana,Mozambique,779-399-515,"+63 (919) 768-7982","Abshire, Kling and McDermott",https://www.green.com/omnis-et-et-itaque-molestiae-maiores-reprehenderit,"Numerical Control Machine Tool Operator",olive,2015-06-08,zion46@damore.org,Y4<I{tMU
5a858e53-1350-3660-a80f-b41462d0c612,Prof.,Kamron,Windler,"89/15 Simonis Isle Suite 825",tenetur,Tayabas,Oregon,Azerbaijan,011-180-671,"+63 (909) 760-7752","Okuneva, Schroeder and Lehner",http://www.altenwerth.info/dolor-fuga-aliquid-nemo-soluta-nesciunt-sunt-rem.html,"Service Station Attendant",teal,1995-07-20,pmcglynn@yahoo.com,Ef7_dI
9bc27eac-bcef-3df5-9323-f3b45afbc561,Mrs.,Jamar,Bernhard,"79 Mraz Camp Suite 238",error,Tandag,Ohio,Togo,363-608-264,"+63 (910) 120-0946",Murazik-Moore,https://casper.com/sit-quaerat-qui-quidem-quis-aut-laboriosam-velit-reprehenderit.html,"Loading Machine Operator",olive,2002-03-11,aterry@yahoo.com,zHy#shCo6eWSy~GwPV{m
422eceda-94c4-32d1-86e5-013173c26252,Prof.,Paxton,Larkin,"14A/10 Larson Centers",sed,Calapan,Indiana,"Puerto Rico",952-272-849,"(0931) 780-1013",Zemlak-Schroeder,http://schultz.com/eos-possimus-tempore-voluptas-ratione-deserunt-possimus,Announcer,gray,1977-08-12,sasha55@bahringer.com,"GwuA,+}EAd;lNJ"
fa7e30bf-1d7a-30de-a6b4-45fa591bbb71,Dr.,Roderick,Lowe,"68 Nienow Rest Suite 870",temporibus,Tanjay,"District of Columbia",Liberia,416-282-810,"(0932) 277-3404","Schinner, Parisian and Wilkinson",http://www.collier.com/vitae-omnis-fugit-expedita-voluptatem-similique-praesentium-laboriosam.html,"Gaming Supervisor",maroon,2017-03-02,ulind@bogisich.org,"\@F}oP5B$H)"
170e51a2-10d7-30cb-bf2b-37e85e990be3,Ms.,Hunter,Stamm,"82 Hilpert Rue",consequuntur,Pasay,Utah,Poland,798-230-893,"+63 (994) 017-6906","Rice LLC",http://prohaska.com/repellat-minima-possimus-eligendi-consequatur,"Tax Preparer",olive,1999-01-21,lueilwitz.gregorio@feest.com,3m4R$%CJ68|;
9ac64458-84db-367d-b656-06accc58b598,Prof.,Salvatore,Goldner,"19A Lang Loop Suite 934",voluptatem,"San Jose del Monte",Oregon,Djibouti,716-058-953,"(0907) 388-2611","Labadie, Deckow and Lang",https://reilly.com/molestiae-rerum-dolore-odit-aspernatur-eveniet-quia.html,"Architectural Drafter OR Civil Drafter",green,1976-10-03,peyton16@gleason.com,"g)VoXp~K5C\@]F\"
290367e3-3022-3353-9bee-e5aee935d3e9,Prof.,Thea,Herzog,"92 Hintz Islands Apt. 803",porro,Mati,Virginia,Cambodia,126-618-801,"(0935) 106-2464","Reynolds, Marvin and Kulas",http://www.king.biz/occaecati-repudiandae-illo-voluptatum-quo.html,Archivist,blue,2014-07-24,bward@crist.info,ew9&wlEE1lcLV_&*9
9cfbd1e6-aa78-3e40-824a-35bdbabb4dde,Mrs.,Dashawn,O'Hara,"53/58 Johnston River Suite 816",dicta,Tanauan,Wisconsin,Austria,970-689-359,"(0928) 528-6417","Hauck, Homenick and Davis",http://www.donnelly.net/distinctio-suscipit-nobis-dolor-corrupti,"Product Safety Engineer",green,2009-01-14,elisa04@schowalter.info,S3clStFO6*#QqC
3f814b3e-88e2-30c7-9c25-908b279fc7da,Mrs.,Sister,Schuppe,"39/22 Reichert Brooks",qui,Roxas,Texas,"Bosnia and Herzegovina",425-186-603,"+63 (911) 915-4070","Treutel, Rempel and Considine",http://www.lindgren.com/,"Wind Instrument Repairer",purple,1997-10-13,cormier.morgan@heaney.biz,+?@xa.N0
202f74ad-e69c-31d9-9e0a-0188e35f6bd8,Mr.,Antonia,Hauck,"93A Osinski Glens Suite 716",maxime,Digos,Colorado,"Western Sahara",471-054-528,"(0923) 932-4799",Hill-Wisoky,http://crona.biz/excepturi-molestiae-est-vel-repellat.html,"Producers and Director",black,1971-02-12,hessel.kiera@yahoo.com,"z=-""6z.pwzt=aJ7)^B-"
dff87292-d1d8-381b-bf2e-b7034aa7607c,Ms.,Joany,Murazik,"11 Rice Plaza",molestias,Sagay,Nebraska,Malawi,111-122-164,"(0910) 775-3469","Kunde, Farrell and O'Kon",http://durgan.info/a-iusto-dignissimos-non-ex-quis-dolorum-corrupti.html,"Substation Maintenance",teal,2013-06-03,treinger@jakubowski.com,6;:*&s
4ca1ec5e-7267-37ee-ad38-c6870c9cac1e,Mr.,Ramon,Wyman,"43 Fadel Passage Apt. 729",esse,Talisay,Iowa,"Bouvet Island (Bouvetoya)",759-685-072,"+63 (942) 110-1351",Romaguera-Collier,http://williamson.com/nulla-consequatur-et-vel-consequuntur-reprehenderit-odit,"Health Specialties Teacher",purple,1990-11-24,demetris.damore@macejkovic.com,"""kA`^Q}"
cfa6f177-518b-39c8-ab9c-50bbc792a2cd,Ms.,Rosendo,Lesch,"10/82 Koelpin Ford",sequi,Tacloban,Nebraska,Mauritania,884-032-189,"+63 (920) 059-4004","Quitzon, Thompson and McGlynn",http://www.willms.info/quis-sed-vitae-et-rerum-rerum,"Procurement Clerk",silver,1982-11-25,kohler.ralph@price.com,"*;VOw6m!mJIAy""BNmt"
32f47d18-3ade-37ce-ae2c-f2d7d08a6398,Dr.,Celine,White,"96 Ankunding Prairie Suite 739",cupiditate,"Surigao City",Michigan,"Cayman Islands",598-902-775,"+63 (900) 197-8117","Klocko, Lakin and Emmerich",http://gislason.org/ex-illo-ut-omnis-deserunt-dolorem-et,"Punching Machine Setters",black,1997-05-26,mitchell.anabel@hotmail.com,"2.,wZbLDyRJv"
ca2e4e08-2e5a-364c-b538-2951cad5cceb,Miss,Jasen,Feest,"73 Nader Tunnel",possimus,"La Carlota",Colorado,Ethiopia,789-544-628,"+63 (908) 502-5420","Wisozk and Sons",http://www.bradtke.com/mollitia-ipsum-facere-ducimus-ea-sapiente-non-molestiae,"Licensed Practical Nurse",olive,2009-09-03,keeling.harley@yahoo.com,ucJ~^XED+1ubZsjCc
6b05e00a-5b87-3b8b-8607-3c584b7f85bd,Ms.,Maynard,Hagenes,"44A/52 Harber Roads Apt. 086",est,Bago,Indiana,Mongolia,309-619-751,"(0999) 816-2542","Rosenbaum Ltd",http://www.hauck.com/,"Forming Machine Operator",purple,1981-06-22,kacey52@reichert.com,>>%o9.f2SHVjO+9T^
24a5f421-22e5-3db4-9d79-077857c4c9b0,Prof.,Angelica,Morissette,"68A/71 Volkman Ridge Suite 270",quos,Pasay,Connecticut,Macao,572-987-582,"+63 (979) 342-1439","Volkman LLC",http://beer.info/quibusdam-voluptatem-sit-quia-ea-impedit-sunt-architecto,Roofer,olive,1992-09-27,christophe.stanton@hand.com,"&Qv2)G-\kY{V1qt;."
f364d996-9348-30f7-823d-a5ad8fd38a7c,Mrs.,Sam,Schneider,"83 Blick Hills",voluptate,Ilagan,Alabama,"Saint Pierre and Miquelon",580-030-209,"(0909) 464-3343","Stokes, Upton and Tillman",http://www.runte.com/non-vel-repudiandae-pariatur-sunt-aspernatur-cum.html,"Air Traffic Controller",gray,1971-10-25,anikolaus@oconnell.com,8!1wnKCn.!jH
ab100de1-29b1-38ec-ba49-7b5c1f614e7f,Dr.,Ali,Waelchi,"43 Ankunding Forge Apt. 101",sapiente,Butuan,Tennessee,Venezuela,652-389-746,"+63 (996) 509-9205","Green, Bechtelar and Douglas",http://www.veum.biz/mollitia-delectus-esse-est,"Biological Technician",aqua,2022-09-13,kellen.ritchie@boyle.com,Vc>v5Vsr?PUXV
fd0d645b-f3ce-32c7-bd43-56a06590bf37,Prof.,Diego,Weissnat,"36 Ferry Cove Suite 082",incidunt,Himamaylan,Indiana,Macedonia,991-405-162,"(0978) 135-5711","Stamm, Runte and Dach",http://kunze.com/explicabo-qui-ratione-commodi-est-quidem,"Vending Machine Servicer",black,2020-01-26,carmelo.kautzer@dooley.org,&Q}'y4*da<T>R%W.Vx0t
e5ff4d3f-cb91-38c3-af16-0ee293efccb1,Mrs.,Vivienne,Langosh,"32/55 Ebert Inlet Suite 267",sed,"San Carlos","New Hampshire","Saint Helena",409-643-477,"(0997) 386-2375","Gaylord Ltd",http://www.runolfsson.com/,"Automotive Glass Installers",purple,2005-08-13,achristiansen@bogan.com,m'dfMBp&#
430e75d0-ddfc-3e29-be11-338afcdc769b,Prof.,Ransom,Waelchi,"11/81 Parker Crossing Suite 570",dolores,Pasig,Texas,Japan,346-234-125,"(0929) 320-3846",Larson-Kihn,https://www.blick.org/sequi-voluptas-autem-accusantium-ipsa-quo-aut,Pharmacist,fuchsia,1997-03-10,monserrate.berge@gmail.com,"`g~SAkX\]]f@h&u"
90dab3d1-cb44-376d-9e7c-5d7ad2145028,Mrs.,Ansley,Oberbrunner,"44A/66 Dooley Passage Apt. 332",ea,Koronadal,Maine,"Saint Helena",380-563-218,"(0929) 922-7475",Keebler-Schmidt,http://www.beahan.com/aliquid-consequatur-eum-eos-nihil-id-sit-fuga-aliquid,Podiatrist,white,2022-08-02,oda88@hotmail.com,tZ['Y2<T0g-x
2d1f0760-2568-3869-a5e4-906aab21467c,Ms.,Myrtle,Langosh,"85A/76 Wiegand Hill",et,Antipolo,Hawaii,Honduras,107-968-304,"+63 (817) 021-2982","Feest, Jacobs and Gutmann",https://wolf.com/est-sequi-debitis-non-consequuntur-qui-aut.html,"Skin Care Specialist",black,2000-04-07,waelchi.mikayla@medhurst.biz,36%m_7?5fWgjN
de8ffc1c-67e2-39eb-a924-ea0b6dbbbeed,Mr.,Eve,Kunze,"25A DuBuque Fields Suite 850",tempore,Calamba,Montana,Zambia,632-667-717,"(0925) 685-0949","Leuschke and Sons",http://www.toy.org/,"Mail Clerk",lime,1998-10-21,dakota.beatty@grimes.com,$*O5Mi/[S
32e9e45f-ae1a-3177-beca-dd7fe03c7278,Dr.,Vivianne,Senger,"25A Parisian Extension",repudiandae,"San Pedro",Maine,Greece,411-454-328,"(0939) 765-9230","Jacobs, Schowalter and Kunde",http://hilpert.com/nihil-et-vitae-inventore-dolor-illum-modi.html,"Fabric Mender",aqua,1994-06-10,jabari.maggio@yahoo.com,3'oc5;($2bJW[Dw
c0bd74d0-0603-35bc-9feb-ac1430ba04b9,Prof.,Tobin,Mraz,"51A/32 Ebert Common",repellat,"Cavite City",Tennessee,Seychelles,982-087-747,"(0980) 537-5330","Kunze PLC",http://www.hilpert.com/et-officia-tempora-odit-non-dolorem-doloremque-quis-consequatur.html,Assessor,purple,1980-01-19,bheathcote@yahoo.com,"uyG5PEm,XlW/V"
08abf391-9814-3d13-90f9-3a159138fa89,Prof.,Selina,Predovic,"61/31 Kassulke Ferry Suite 239",ipsam,Passi,"New Mexico",Honduras,223-637-782,"(0948) 163-8542","Beier, Haag and Lowe",http://www.walsh.org/id-ea-ea-porro-recusandae,"Social Media Marketing Manager",lime,2005-10-18,verner.cummings@gmail.com,gCBi|zKZW4Y;6}aSN
43c31241-6dd2-318a-b4e2-9a360a581ded,Prof.,Ashly,Gleason,"81/36 Emmerich Pass",et,Urdaneta,Florida,Yemen,004-100-207,"(0946) 601-0720","Cassin, Treutel and Abernathy",https://hamill.info/laborum-itaque-voluptates-non-sint-voluptate-quo.html,"Forging Machine Setter",maroon,1973-07-22,nico64@jacobson.com,+b?xgP8qXYY'
29aba20d-02a7-3fc9-983c-d840b1fb339b,Mr.,Ansel,Ledner,"14/52 Crona Mount Apt. 963",at,Manila,Oregon,"South Africa",211-361-206,"(0974) 144-0360",McLaughlin-Heaney,http://schroeder.org/ab-pariatur-aspernatur-sed-soluta-autem-et,"Loan Interviewer",olive,2005-06-03,bednar.van@mayer.com,>.p(iKF67#bZ
8b40eb78-b500-37a4-928b-ff1eec18db86,Mr.,Yasmin,Emard,"89/61 Cruickshank Mountains Suite 478",qui,Ligao,Minnesota,"French Southern Territories",800-111-328,"+63 (930) 829-7313","Friesen, Bradtke and Feil",https://www.fahey.com/et-consectetur-odio-at-nihil-distinctio-consequatur,"Production Manager",teal,1973-06-07,chad.ullrich@gmail.com,Tq2V3-8lAu8+3@
745c7f03-3ad9-3c94-a62f-4364025d2717,Prof.,Chadrick,Hyatt,"43/10 Jacobson Fort",aut,Canlaon,"South Dakota",Latvia,225-460-093,"(0817) 586-7413","Zieme PLC",http://parisian.com/autem-qui-qui-sed-officiis,"Agricultural Product Grader Sorter",aqua,1995-05-28,flakin@gerhold.com,~cZo!?K
e5e33602-4556-3d12-ba1e-80584a98269d,Miss,Keagan,Hettinger,"49A Morar Corner",natus,Baybay,Alabama,Gabon,025-696-689,"(0928) 616-7872",Ondricka-Schultz,http://www.king.org/,"Paper Goods Machine Operator",olive,2021-10-27,bert.kuhlman@wiegand.com,<K#:V!EC_`xw
e4e4a6a6-c729-3f35-8bff-7602ae6a323e,Dr.,Trevor,Greenfelder,"64/12 Weimann Canyon Suite 850",aut,Bacoor,"Rhode Island",Australia,069-112-416,"(0932) 968-5964",Kunze-Orn,http://www.friesen.biz/nam-fugiat-fugit-quos,"Human Resources Manager",green,1981-03-20,lenora74@yahoo.com,"T}eB-NdQ8""UiJx,@3]X"
9576bba1-0e66-34e0-bb11-10275b65e4c2,Prof.,Gregg,Bins,"64A Lubowitz Islands",iusto,Tuguegarao,Ohio,"Northern Mariana Islands",983-760-113,"(0926) 551-8772",Greenholt-Welch,http://parker.net/quis-non-rerum-in-ad-qui-autem,"Nonfarm Animal Caretaker",teal,2017-09-06,norene84@schiller.net,OZt$_Y$z'L^*|c+`fX3
fe812a9e-5ed8-37bc-9fd9-f1f5997f88ed,Ms.,Maxie,Runolfsson,"88A Bogisich Port",optio,Ilagan,Ohio,Reunion,493-547-524,"(0917) 118-9908","Tromp, Stark and Durgan",http://www.stark.com/aut-corrupti-est-cumque,"Insurance Claims Clerk",gray,1996-06-12,troy.hickle@kunde.biz,>i6>c?!H0shaO0Azb
53d394f6-5cf1-376e-89a6-5063944ae3e5,Dr.,Bryana,Casper,"65/89 Wilkinson Landing Apt. 245",perspiciatis,Carcar,Minnesota,Jamaica,331-477-338,"+63 (999) 750-8701",Stark-Nitzsche,http://quitzon.info/harum-aliquam-aut-omnis-necessitatibus-recusandae-dolores-repellendus,Boilermaker,maroon,2015-02-14,conroy.eloisa@johnson.info,2t0dT:x
7548e96c-8e88-3c70-a834-e509ce4a8e64,Miss,Jazmyn,Feil,"32 Pouros Rue Suite 883",aut,Tabuk,Connecticut,"Bosnia and Herzegovina",796-537-909,"(0999) 933-1839",Rutherford-Boyer,http://www.wisozk.com/perspiciatis-cum-nulla-sequi-magni-repellat-inventore,"Commercial and Industrial Designer",green,2021-06-04,green.devin@altenwerth.net,3iu~WzG7rH&_$e{Z
e00dabe1-7673-3d1c-963a-bddab72f66e7,Prof.,Christop,Steuber,"61 Wiegand Glens",voluptatem,Malolos,Mississippi,Korea,700-377-724,"+63 (920) 846-4674","Upton Inc",http://www.rath.com/vero-quia-quibusdam-repudiandae-est-quos-quia-facilis,Landscaper,aqua,2014-11-09,arvid.balistreri@hotmail.com,"^d#\j.a%<nm$G"
5b6c7b87-6665-33ba-882a-99241ed75049,Mr.,Aliyah,Corkery,"46/60 Dietrich Glens Apt. 807",ut,Vigan,Maryland,"Holy See (Vatican City State)",092-370-925,"+63 (978) 962-8513","Marvin and Sons",http://www.bruen.com/officiis-atque-voluptas-rerum-nam-aut,"Nonfarm Animal Caretaker",lime,2001-01-27,feeney.aaliyah@hotmail.com,4l<%GOxFf)(#
7a69b015-51c1-39f5-a4bf-5e1a2b78c951,Dr.,Lurline,Windler,"11/12 Weissnat Court Suite 539",necessitatibus,Laoag,Maine,Aruba,437-848-859,"+63 (973) 638-9841",Ledner-O'Conner,http://legros.com/velit-enim-blanditiis-quia-voluptatem-quis,"Forest and Conservation Worker",yellow,2022-09-26,danny60@cremin.com,btxj`Es|
aed2307f-e32c-32a1-bfc5-5e07734c4294,Dr.,Joy,Hickle,"71/72 Oberbrunner Overpass",sed,Malolos,"West Virginia",Vietnam,452-501-291,"(0973) 986-0630","Robel PLC",https://kub.com/esse-est-in-accusamus-expedita-officia-ipsa-ratione.html,"Textile Cutting Machine Operator",gray,1979-10-22,pokuneva@cronin.com,r_5{L&b+{-~|!z
31576abf-ca29-38a9-8d66-0db6ba907ff5,Prof.,Ken,Deckow,"33 Wunsch Street",dolorem,Palayan,California,Guinea-Bissau,559-375-889,"(0980) 090-3397",Hessel-Jakubowski,http://jakubowski.biz/asperiores-accusantium-qui-reiciendis-voluptatem-at-sit-nobis-illo.html,Professor,black,1999-01-30,smitham.abbigail@hotmail.com,tXa;GI%Ge*hp3U23-uJ
a4fc0552-e5a0-3240-8970-0a916a2907c4,Dr.,Paris,O'Keefe,"76A/56 Farrell Club Apt. 747",odio,"Davao City",Tennessee,Bolivia,740-936-682,"+63 (905) 258-1710","Pouros Group",http://kris.com/doloribus-est-distinctio-distinctio-earum-et.html,"Immigration Inspector OR Customs Inspector",gray,1974-02-21,dbechtelar@armstrong.com,d[oqpUTrl
a1dcf97f-1541-34c3-b05c-e604d65e88a4,Dr.,Melody,Rice,"74/68 Abernathy Mission",dignissimos,Legazpi,Utah,Martinique,250-494-185,"+63 (928) 014-4699","Ziemann LLC",http://douglas.net/corporis-quis-qui-qui-distinctio-dicta-atque,"Cost Estimator",gray,1976-03-02,imogene.bailey@gmail.com,P04B]tdKz
aac75022-83c5-3f00-8b4f-18805c4042d6,Prof.,Lamont,Kertzmann,"81 Kuhic Via",perferendis,"Las Piñas","New York","Saint Vincent and the Grenadines",253-005-553,"+63 (915) 146-7952",Dare-Runolfsdottir,https://www.morissette.net/est-consequatur-voluptatibus-natus-eum-sint,"Technical Program Manager",blue,1994-12-13,hmacejkovic@murphy.com,)dRT=VQvA
77c9c6c8-c440-3e80-92f7-1f0d75cc0679,Dr.,Destin,Runolfsson,"98A/11 Fahey Glen Apt. 135",minus,"Santa Rosa",Washington,Bermuda,792-257-766,"+63 (938) 006-6483","Bradtke, Marvin and Pacocha",http://www.johns.net/illum-itaque-autem-corporis-nemo-deserunt-quibusdam.html,"Educational Counselor OR Vocationall Counselor",maroon,2012-07-29,zena14@dach.com,E{`C(3pw`
81cfe434-bdf3-3ed9-9442-e3fedf1a9b20,Dr.,Baron,Boyle,"82A Conn Walks Suite 426",quis,"Trece Martires",California,"Saint Lucia",235-608-435,"+63 (949) 777-3790","Koss Group",http://www.blick.info/voluptatem-accusamus-expedita-quia-ducimus.html,"Photographic Developer",aqua,1973-03-04,addie.oberbrunner@hotmail.com,S3Bd4;B(Aut<q@:I#)V
de9af65e-ac60-3000-89ad-36c61f0ea86b,Ms.,Eve,Waters,"45A Okuneva Lights Apt. 648",minima,Mati,Kansas,Belarus,079-569-461,"(0908) 993-5847","Jacobi, West and Marquardt",https://www.bode.com/non-ut-sint-omnis-laboriosam-est-aspernatur,"Forming Machine Operator",navy,1974-07-08,kyler04@hotmail.com,"j<Fj,s:3yMLI${J'~pj-"
ab9b2d78-60c2-30f6-b037-06f24756a15f,Prof.,Horacio,Kautzer,"23A Quigley Passage",vel,Cabanatuan,"New York","Syrian Arab Republic",996-587-249,"+63 (933) 224-4847",Watsica-Bailey,http://orn.com/numquam-et-deserunt-vel-cumque-molestias-rerum-reprehenderit,"Mold Maker",blue,1973-07-25,harvey.branson@yahoo.com,BiIV|P.Qo-&
6144287b-5360-359a-9020-143c8e56686b,Ms.,Tony,Lockman,"50A/43 Fadel Points Apt. 403",ipsum,Ligao,Utah,"United Kingdom",418-871-734,"(0817) 419-7160",Ferry-Labadie,http://www.jerde.com/perferendis-et-in-ea-ab-quia-modi-et,"Financial Analyst",yellow,2011-09-27,gregorio84@upton.com,Mf)O!EM(fP
89223436-9dcc-3e55-9255-81a27e00e34b,Dr.,Burdette,Quigley,"99 Bayer Corners Suite 469",ut,"La Carlota","District of Columbia","South Georgia and the South Sandwich Islands",047-178-339,"+63 (999) 457-1465",Mitchell-Hahn,http://gibson.com/omnis-nihil-quia-quo-ad-voluptatem-fugit-et,"Terrazzo Workes and Finisher",yellow,1983-08-23,nathaniel.vonrueden@hotmail.com,Eg9$|'YgKI.[c4]
c1bc85bb-213c-3d3a-b75f-cf70cc1b649b,Miss,Darion,Morissette,"90 Heidenreich Track Suite 145",tempora,Caloocan,Florida,Micronesia,650-978-466,"+63 (996) 176-1336","Windler, McCullough and Prohaska",http://www.fritsch.com/tempora-est-et-veritatis-velit-pariatur-nemo,Locksmith,gray,2001-05-11,ricardo44@kohler.org,dzIFr)lh'9irFanQSG^(
83fdb229-d445-33de-ba30-48cdcbe91f50,Miss,Douglas,Runolfsson,"69A Halvorson Passage",id,Gapan,Missouri,Norway,762-093-701,"+63 (944) 142-7473","Hill Group",https://morar.info/suscipit-reprehenderit-praesentium-officiis.html,"Brazing Machine Operator",silver,1972-05-06,borer.felicity@hotmail.com,">2iu06A8BJ,1P%7ASGl"
5fd51d97-a263-3f93-bbe5-3006703f5b31,Prof.,Breanna,Streich,"23/93 Dooley Passage Suite 581",aperiam,Biñan,Wyoming,Grenada,880-134-959,"(0934) 772-0077","Sporer LLC",http://www.hills.info/ut-esse-et-expedita-libero-architecto-in-possimus.html,Janitor,teal,1978-03-02,lblanda@hamill.info,@:@Q^74|[*<a
81fd5c3c-82bd-39ec-afe0-db3a3fc00850,Prof.,Sister,Daugherty,"20A/40 Aufderhar Plain Suite 381",dolorem,"San Carlos",Indiana,"Svalbard & Jan Mayen Islands",640-374-494,"(0917) 629-3847",Williamson-Anderson,http://murray.com/unde-natus-et-voluptates-tempora-facere.html,"Bicycle Repairer",maroon,1979-12-14,medhurst.rex@gmail.com,Sl0tP!BS
275e0a6f-ff01-3284-a500-ac02f5f992c9,Mr.,Tessie,Roberts,"27A/71 Hagenes Stream",et,Tagum,Utah,Mauritius,872-364-538,"+63 (900) 150-8507","Purdy, Kunze and Emmerich",https://www.wiza.com/aliquid-amet-commodi-maiores-qui-odit,"Law Teacher",teal,2021-09-23,nlehner@yahoo.com,"U}Zu\s/Mp}MDS"
6ec3b170-d0ee-3a2c-b3c8-02d909247847,Miss,Alyce,Kihn,"12A/64 Schuppe Village Apt. 829",itaque,Palayan,Nebraska,Swaziland,743-165-565,"+63 (940) 521-9708",Goyette-O'Hara,https://www.blanda.biz/quasi-eos-rerum-assumenda-neque-excepturi-nam,Assessor,maroon,2005-04-10,cjohns@beatty.com,"_r|B0)N)62\"
f758e0f2-41da-3260-a860-7526af8a6e83,Dr.,Estelle,Kuhic,"54 Schmitt Mall",aperiam,Himamaylan,Massachusetts,Venezuela,434-556-573,"(0933) 932-3468","Abshire LLC",http://parisian.info/,"Gaming Service Worker",lime,2023-06-08,chris.klocko@powlowski.org,`bP?{[6geq
4212981e-3032-340c-88b0-1c0be4e93964,Ms.,Pasquale,Christiansen,"98A Kihn Lane Suite 708",ipsa,Mandaue,Missouri,Panama,041-589-518,"(0928) 180-2086",Torp-Dach,https://www.schmitt.com/provident-architecto-soluta-eum-alias,"Advertising Manager OR Promotions Manager",gray,1999-08-25,edythe76@osinski.com,'yV_z%XK+%}8x{('-d.
e4c24f96-35a0-3ce1-8aac-029bccf2bfb7,Dr.,Jo,Johnston,"61/17 Schaden Squares Apt. 404",quae,Lipa,"North Dakota",Honduras,055-766-307,"+63 (939) 244-1704",Bailey-McKenzie,http://www.kilback.info/voluptas-provident-vel-ratione-quo-beatae-distinctio.html,"Retail Salesperson",yellow,1995-03-24,leif.ondricka@yahoo.com,3JsQI]=1i2FO+kUxv
7cfe5570-ece4-3a80-8f26-5381916c07d7,Dr.,Giles,Williamson,"65A/92 Kozey Green Apt. 420",error,Talisay,"New York",Greenland,189-708-278,"+63 (928) 884-4056","Toy, Kovacek and Weissnat",http://jast.net/et-et-consequatur-aut-explicabo-qui-sunt-molestias-eius,"Bill and Account Collector",black,2018-12-14,wehner.armani@schuster.net,Q:PX8r9Uz2|C[en
5f1a9e72-dbce-3997-b55e-13c46e8b69cc,Mr.,Cecile,Swaniawski,"51 Hill Trail Apt. 830",quis,Makati,Pennsylvania,Lesotho,939-396-666,"+63 (908) 039-4967",Ruecker-Bradtke,http://www.erdman.com/,"Mathematical Technician",black,1994-01-19,spinka.tommie@oconnell.biz,swrM>zZH!]ng4{8G
391b4b1b-9298-3b97-8181-61e677a512ec,Ms.,Mae,Brakus,"56A Reichert View Suite 140",inventore,Tanjay,"Rhode Island",Reunion,109-019-275,"(0916) 738-5655",Crist-Rath,http://kassulke.com/quod-aut-id-voluptates-est-nulla-ullam-illum,"Training Manager OR Development Manager",aqua,2019-04-20,kris52@yahoo.com,YOfkZ6xQ
aa2b7ee4-5618-3fe9-942a-825315e3847b,Dr.,Queen,Spencer,"02A/12 Grant View Suite 956",quod,"San Pedro",Wisconsin,Luxembourg,491-880-790,"(0900) 744-5780",Schultz-Cronin,http://www.lubowitz.com/officia-voluptatem-voluptatibus-quia-omnis.html,Computer,white,2024-06-18,jessica38@stark.com,"6EuS?g/hU~T}:y""<"
f1626a9a-25d4-30d1-83b9-f616c0bf5a58,Prof.,Rubye,Jaskolski,"83 Klocko Divide Suite 677",consequuntur,Imus,Kansas,Poland,171-085-085,"+63 (813) 793-9430","Walsh Group",http://www.doyle.com/reprehenderit-ut-placeat-tempore-dolor-eum-in-harum,"Grounds Maintenance Worker",green,1989-09-11,bprohaska@stanton.org,Hqwk%T|
d8e5c7ff-4060-3277-bea8-82807ae87aab,Miss,Granville,Halvorson,"53A/48 Wehner Locks",sequi,Ligao,"North Dakota",Ecuador,639-641-009,"+63 (928) 147-3577","Herman Inc",http://www.deckow.com/ullam-laudantium-aut-quasi-error-consequatur-fuga-est-fuga.html,"Fiber Product Cutting Machine Operator",purple,1999-11-23,halvorson.marisol@wiegand.com,Y8&2x(b'1}o`<
45aac84d-e9e6-34a4-a725-b6a21fa5332f,Dr.,Dulce,Price,"90/63 Bechtelar Fall",maiores,Angeles,Utah,Ukraine,822-425-517,"+63 (919) 608-1179","Rempel, Bartell and Quigley",http://www.graham.com/,"Heat Treating Equipment Operator",maroon,2005-01-30,veda.bartoletti@tromp.info,"*{]wO/?2zH\:Q"
148e9193-aaf8-3d18-ba5c-a957e00cff60,Miss,Kayla,Williamson,"18 Roob Drives Apt. 010",consectetur,Danao,"New York",Austria,373-267-304,"+63 (905) 866-6198","Turcotte, Runte and Kuhlman",http://cartwright.com/,"Patrol Officer",navy,1996-09-07,vconn@friesen.com,8L?}0cF$w3OD
cc4b5322-85d6-310a-93b3-78d17396d6fb,Prof.,Frank,Bogisich,"76 Cole Vista",repudiandae,Escalante,"New Hampshire",Azerbaijan,024-024-588,"+63 (917) 062-7564","Padberg PLC",http://kirlin.biz/,Bookkeeper,teal,2009-07-17,bhayes@hotmail.com,5i*8$7!Y-.n
08e697c8-4232-3d90-b2b6-300bc5fcc5c6,Miss,Robyn,Mosciski,"99 Strosin Groves Suite 893",eum,"San Jose",Iowa,Mali,320-045-247,"(0919) 190-4496",Senger-Reilly,https://hand.com/nihil-aut-eos-non-laborum.html,"Technical Program Manager",lime,1995-08-04,adonis05@littel.net,"T""qgJ!7eNT1l@0qk"
8e8fba39-e38d-3e12-9b64-79138976b465,Mr.,Lorenzo,Jones,"70 Stoltenberg Terrace Suite 477",vero,Vigan,Vermont,Cuba,455-003-075,"(0906) 403-4531",Hermann-Mante,http://gorczany.org/a-non-qui-vitae-in-commodi-velit,"Special Forces Officer",fuchsia,1996-10-30,mckenzie.nya@gmail.com,"AJ<5C{%zXr*l\/d$F"
1e1bda14-8937-308b-b636-29ffdaafb6a5,Mrs.,Genesis,Shields,"16/75 Mayert Junction",itaque,Escalante,"Rhode Island",Mexico,634-866-047,"(0930) 868-9788",Zboncak-Torp,http://franecki.biz/accusantium-illum-omnis-molestias-nemo.html,"Food Cooking Machine Operators",lime,1995-12-30,feest.elissa@hotmail.com,"h-p{BEg%^en7""-iSXyY"
aa4ed0ba-da41-38e5-881e-156af8f6999c,Prof.,Syble,Lubowitz,"47/75 Gusikowski View",deleniti,Canlaon,Kentucky,Gibraltar,804-849-159,"(0937) 081-8621","Von Inc",https://oconnell.biz/vero-ipsam-quia-porro-qui.html,"Dragline Operator",yellow,2013-06-08,zhackett@hotmail.com,gVn]'CZ^N
2389f957-9d64-36e5-bdba-fc1dd40c3664,Mr.,Ron,O'Conner,"41A Koepp Locks Apt. 824",non,Bayawan,Kentucky,"Cook Islands",044-602-630,"+63 (930) 014-4522","Weimann PLC",https://www.kulas.org/tempora-non-quia-voluptatem-cumque-eaque-sunt-ut-neque,"Excavating Machine Operator",yellow,2006-05-04,alexandra.sipes@bauch.org,(OK#|n]N_UnpWT9N
d17489cd-228e-338b-8ec6-c617b0f10a06,Mr.,Terence,Kirlin,"77 Kerluke Underpass",et,Lamitan,Pennsylvania,Australia,314-606-113,"+63 (996) 869-5679","Hill, Veum and Kemmer",https://www.doyle.info/esse-est-ratione-in-est-laborum-natus-sint,"Sales Representative",green,1988-03-20,ferry.vicky@schroeder.com,"KEvnF~c{',lJbYFa{t<)"
7d36dc46-446e-3dde-9ae8-3cf32f25bdba,Dr.,Petra,Heaney,"97 Tillman Plaza Suite 761",adipisci,"Zamboanga City",Iowa,Angola,154-021-612,"+63 (938) 614-5975","Denesik, McCullough and Weber",http://satterfield.com/rerum-aut-culpa-aut-sunt-voluptatum-accusantium,"Infantry Officer",blue,1995-03-13,morar.kory@gmail.com,<M#Rmm
81d6e07f-ee0a-3345-bfb2-6a8bed85453b,Prof.,Henry,Bins,"53A/84 Hintz Lights",dolorem,"San Jose",Arkansas,Japan,192-183-439,"(0925) 413-1498",Olson-Buckridge,http://renner.org/ipsum-modi-non-eum-nisi-maxime-et-odio,"Aircraft Mechanics OR Aircraft Service Technician",lime,1993-09-09,royal.leffler@gmail.com,;~{mhtI[
cd0ef17e-5771-3709-96d1-5e98b06b5d65,Mrs.,Nicholas,Dooley,"70A/73 Gulgowski Knolls Suite 434",qui,Marikina,Iowa,Mayotte,922-973-041,"(0998) 751-7724",Hickle-Strosin,http://www.lubowitz.biz/,"Data Processing Equipment Repairer",navy,2013-11-23,leone.kutch@gmail.com,ST(;iaiw
08a0327d-0d0c-37c4-8bef-4cde4fec7527,Prof.,Sharon,Kessler,"15 Morar Loop",ipsum,Laoag,Nebraska,Cyprus,230-266-502,"+63 (998) 080-7290",Gutmann-Brown,http://www.orn.biz/,"Oil Service Unit Operator",green,1987-12-07,denesik.mittie@gmail.com,"=45L+N^;>F"""
032c6776-0d68-3354-8491-b3ae63dd066c,Mrs.,Godfrey,Murphy,"22A Ritchie Locks",fugiat,Baybay,Oklahoma,Liechtenstein,321-017-628,"+63 (947) 113-3615","Monahan Ltd",https://www.hayes.com/perferendis-dolor-molestiae-cum-tempore-sed-quia,"Annealing Machine Operator",navy,2000-07-19,kdubuque@gmail.com,26bwZ3|vSKk&xv
7fb80093-1a95-39d4-9a31-b1ce0303e050,Miss,Geo,Dare,"67 Hettinger Pike Apt. 118",ratione,Koronadal,Connecticut,Switzerland,860-023-999,"(0933) 983-1969","Rau Group",http://www.runolfsson.info/nobis-aut-amet-ratione-atque,"Producers and Director",teal,1997-02-24,salvatore88@hotmail.com,R^.T-idmf
ac4be1ec-57ed-398f-a341-6c99fbf2be65,Prof.,Delbert,West,"47A Johnson Mountain Suite 206",nihil,Ormoc,Alaska,Switzerland,180-127-710,"(0977) 553-3036",McCullough-Senger,http://hickle.com/consequatur-officiis-non-omnis-in-veritatis-mollitia,"Computer Repairer",silver,2009-05-13,sherman21@hotmail.com,"V:N[|:\(.2ugS}/"
b8106d6e-421f-3682-afb7-5e2f6c6acaa6,Mrs.,Hobart,Lemke,"40A Kovacek Lodge",rerum,Tandag,Michigan,"Solomon Islands",753-909-787,"(0977) 966-6796",Lowe-Barrows,http://www.waelchi.com/,"Airfield Operations Specialist",aqua,2010-09-19,welch.guiseppe@gmail.com,"~3./.0Y9%M\"
874e73d1-16ce-329e-bce0-7e1371045aa1,Ms.,Nestor,Hane,"82A/93 Beahan Gardens Apt. 159",doloremque,Digos,Arizona,Reunion,516-874-962,"+63 (939) 149-2739",Greenfelder-Simonis,http://www.koch.org/,"Set Designer",teal,2013-05-24,sgusikowski@vonrueden.net,xIiy^Z]5e-|3Ga0M8E.c
19cbd35b-c3bb-3759-9b96-a7cf0afb1c1d,Ms.,Casimer,Durgan,"80A Jast Road Apt. 501",ut,Malabon,Texas,"Saint Martin",655-959-436,"+63 (940) 457-7364","Rolfson LLC",http://www.oberbrunner.info/neque-omnis-consequuntur-iure-deleniti-consequatur-autem.html,"Precision Etcher and Engraver",black,1989-01-02,hwill@rutherford.com,"E-MtD#P2d@a""U)=7+}}#"
2ccb361d-cf33-3657-bf0d-d372d5decea6,Dr.,Meta,Thompson,"92A/03 Runolfsdottir Parkways",voluptatum,"Tarlac City",Minnesota,Comoros,202-473-372,"(0940) 337-5736","Littel, Dare and Hammes",http://lockman.biz/minima-earum-eum-numquam-quia-aperiam-autem-aperiam,"Sports Book Writer",purple,2002-12-31,luettgen.lou@yundt.com,"u4QpR@""$^/W|Q;DiR.{"
fd7416fa-db4d-3fe1-b88d-f4dff0201444,Prof.,Kale,Wisoky,"15 Corwin Stream Suite 244",aut,"San Jose","New Jersey","Equatorial Guinea",200-681-583,"+63 (918) 523-0326","Harris LLC",http://mills.net/,"Advertising Sales Agent",navy,1979-06-03,gustave.ohara@roob.com,"i\Op(<Q}l5+Jr?"
3bcfa62b-c836-3bbc-99ed-87320ffce446,Miss,Chloe,Larkin,"54A/51 Steuber Key",qui,Urdaneta,Missouri,Zambia,197-997-836,"+63 (817) 904-7884","Gulgowski PLC",http://thiel.net/et-officia-ipsa-eveniet-doloremque-minus-consequatur.html,"Substation Maintenance",navy,1985-08-15,dooley.dora@hotmail.com,";}=%""Gmo+g(E@"
316b8856-40a3-3bb4-b9ab-d61f66fe1573,Dr.,Onie,Hauck,"33/58 Hilpert Mews",autem,Dasmariñas,Maryland,Maldives,073-484-471,"+63 (998) 342-7461","McCullough PLC",http://www.kozey.com/veritatis-minima-et-voluptatem-maxime.html,"Rail Yard Engineer",olive,1984-03-25,monty22@hotmail.com,3%!.x_]F
27aceed2-2b24-38e3-ba1e-739d1208e41e,Ms.,Clementine,Gislason,"22 Ondricka Burg",sapiente,Canlaon,Wyoming,Lithuania,842-067-098,"(0813) 125-7478","Beatty, Rowe and Bernhard",http://williamson.com/quas-aspernatur-et-quia-sed-facilis,"Power Distributors OR Dispatcher",blue,1970-09-29,margarette.bogisich@weber.com,DTMZe&7(X&u.
0a63aeb9-21af-3f13-bd86-cac851677140,Prof.,Milford,Bradtke,"49 Aufderhar Views Suite 183",est,Batac,Pennsylvania,Nepal,737-737-166,"(0813) 048-4107","Gleichner, Mraz and Torphy",http://www.trantow.com/,Geologist,yellow,1986-06-05,kbrown@koss.org,"E){6U~~""b"
47c16a5f-e80c-321e-9140-be113f4b7f00,Dr.,Enrique,Murazik,"61A Roberts Parkways",dicta,Pagadian,Delaware,Micronesia,023-665-763,"(0917) 833-4707","Kassulke LLC",http://collier.com/aut-ut-dolor-voluptatum-error-quasi-maiores.html,"Library Technician",fuchsia,1995-01-17,reuben.spinka@schmeler.com,"q_4l&w45?x6<rM,6KxBq"
01fdefcc-7f4a-3cb9-bc9e-ed06d032befd,Prof.,Casey,Ratke,"69/26 Reynolds Hills Suite 706",beatae,Escalante,Maryland,Rwanda,352-011-410,"+63 (920) 555-3558","Zulauf Group",http://schoen.com/ut-corporis-quo-doloremque-aut-ea-ut,Surgeon,yellow,1999-12-06,erdman.harold@gmail.com,"o\us1jvfMxA"
33293810-4d56-3bfc-a617-280e0c311838,Dr.,Kiara,Boyer,"54 Raynor Bridge Apt. 499",debitis,"Zamboanga City",Alabama,"Northern Mariana Islands",549-828-949,"+63 (908) 585-2866","Little Inc",https://www.schmitt.com/incidunt-dolor-consequatur-esse-fugit-quo-tenetur-dolore-saepe,"Tool Set-Up Operator",blue,1974-07-16,lhackett@smith.com,)K<8eEw8l(-qQ%MB5:Qk
13639775-47a7-3ff0-a7cc-7ea0657efc35,Prof.,Carolina,Nienow,"97 Mitchell Union",perspiciatis,Tangub,Georgia,Nicaragua,902-355-451,"(0917) 813-6918","Dickinson, Berge and Rosenbaum",https://www.gleason.com/enim-nam-ut-ipsum,Engraver,lime,2018-03-30,devonte70@gmail.com,"3G\K}]Y"
82d1cc69-895a-3084-b158-228c65315089,Mrs.,Lauriane,Rolfson,"21 Dickinson Passage Suite 966",natus,"Batangas City",Washington,Paraguay,485-162-512,"+63 (900) 922-2099",Kub-Funk,http://www.stamm.org/,"Stationary Engineer",fuchsia,1979-01-13,evert.muller@yahoo.com,j/5Z/2SG>
bfb54083-8dd9-3ebb-8fcf-bb42c57c6fd6,Prof.,Maximus,Daugherty,"64/48 Rice Isle",modi,Malaybalay,Maryland,"Antarctica (the territory South of 60 deg S)",009-591-535,"+63 (931) 685-3039",Dach-Harris,http://morar.com/,"Reservation Agent OR Transportation Ticket Agent",yellow,2007-12-10,bartoletti.harvey@labadie.com,6[V!q%F^|!XJ.%S.6n-]
352a00cb-91fd-3851-a8f3-69edda1d7aa7,Mr.,Evalyn,Steuber,"31A/12 Gleichner Manor Suite 283",est,Pagadian,Missouri,Kenya,089-148-720,"+63 (923) 360-1529","Kutch, Murazik and Reichert",http://prohaska.com/consequatur-quis-ipsum-laboriosam-et-aut-ipsum.html,"Electromechanical Equipment Assembler",white,1975-09-10,mmcclure@heaney.info,#C-I@F#3kc$:]|K|OpA
419802db-9dc0-3230-89ef-7f75e49987a0,Prof.,Marina,Fay,"15A/02 Wuckert Mountain",maiores,"Tarlac City","New Mexico",Cameroon,362-952-414,"(0946) 715-1349","Shanahan, Runolfsdottir and Green",http://www.kessler.org/,"Woodworking Machine Setter",maroon,1973-07-05,odessa.brown@lueilwitz.net,y-[8zSuo-
ecdfd8d3-ad82-3ed6-9971-33cb0e176bb7,Prof.,Mohammad,Brekke,"12/31 Morar Plains Apt. 730",et,"Zamboanga City",Michigan,"South Africa",518-784-683,"(0817) 604-1660","Blick, Schmitt and Luettgen",http://www.schimmel.net/,"Rental Clerk",lime,1992-05-02,derek.kerluke@spinka.org,YoKd!dRV2$*PTEJv
1916ea06-7f65-324a-8fe1-a6e7c844ab97,Dr.,Matteo,Von,"86 Klocko Highway",eos,"Davao City","North Carolina",Kazakhstan,169-019-777,"+63 (922) 988-6729","Barton, Ebert and Schaefer",http://www.boyer.com/,Legislator,maroon,1982-08-16,rau.keyon@hotmail.com,PV1g9DH6Zu%61[x
83a42114-b21c-3db1-86c2-b97e16800919,Ms.,Waino,Schimmel,"02A/53 Farrell Garden Suite 540",omnis,Lapu-Lapu,Colorado,Comoros,609-240-647,"+63 (919) 928-0984","Powlowski Inc",http://hessel.com/sequi-enim-veritatis-eos.html,"Film Laboratory Technician",fuchsia,2016-07-22,edmond31@conn.biz,"I%I,2uDG"
1b0c8e14-b793-39af-8002-0bf835458234,Prof.,Blaze,Sawayn,"63A/69 Adams Union Apt. 209",et,"Iloilo City",Vermont,Bhutan,417-443-608,"(0930) 841-7042","Ullrich, Ankunding and Schiller",http://bergstrom.com/,"Private Household Cook",lime,1998-10-30,louie67@yahoo.com,">CHy,L&Jw6L6MNUn^Z5"
08a25ff1-a743-33ac-aa4d-c4df803d9173,Prof.,Karlie,Welch,"81A McDermott Drives",tempora,Naga,"Rhode Island",Iceland,558-945-205,"+63 (928) 280-2380","Marvin LLC",https://www.goldner.com/vel-ducimus-vero-quod-dolore-vero,"Hand Presser",gray,1980-01-10,walter.devonte@bruen.biz,<-CEY>n/i1On}5
7d22f03d-359d-3859-8f0f-634b6d1cc913,Dr.,Katarina,Bashirian,"72 Howell Manor",aliquam,Pagadian,Ohio,Poland,713-144-002,"+63 (905) 255-2188","Hayes PLC",https://considine.com/nostrum-impedit-alias-non-harum.html,"Logging Equipment Operator",black,2019-09-17,dorcas33@gmail.com,".]EVO;/0RbYI""tx:Nk^"
9bc05256-bd4b-3e57-ab5b-4b2e7d9ee174,Ms.,Alize,Harvey,"55 Johnston Shoal Apt. 322",odio,Koronadal,Nebraska,Moldova,379-410-684,"(0906) 530-5076","Gerlach, Schmidt and Terry",http://www.ryan.com/sunt-iste-magnam-consequatur-magni-id,"Nuclear Monitoring Technician",silver,1973-06-17,johnnie25@morissette.com,"!v3A<NBxL[)(HF\#8("
ab7ee06c-fa84-360f-b3a3-3ec148694f83,Mr.,Mabelle,White,"33A Monahan Shoals Apt. 942",magni,Tabuk,Tennessee,Djibouti,228-195-886,"(0996) 301-7569","Schaden LLC",http://www.prosacco.net/neque-aut-sequi-et,"Web Developer",gray,1983-12-02,kilback.jedidiah@yahoo.com,ygmir>NcT;p}ya);
44fdd94a-3d53-3ce5-a8d1-8400467ee8f8,Mr.,Aracely,Larson,"34 Thiel Harbor",delectus,Tacloban,Massachusetts,Belarus,226-890-182,"+63 (937) 992-5056",Hudson-VonRueden,http://shanahan.com/ipsum-quia-qui-et-labore,"Musical Instrument Tuner",aqua,2006-07-10,donnell76@reynolds.org,wx05=<:+|cJok.
bca13763-b922-3f96-ac09-5b739903449f,Ms.,Karl,McKenzie,"94 Kessler Light",omnis,Gapan,"West Virginia","United Arab Emirates",795-730-601,"+63 (949) 727-5156","Ruecker, Kertzmann and Farrell",http://www.waelchi.org/necessitatibus-voluptatem-impedit-porro-ratione-qui-qui-enim,Rigger,green,1991-10-21,wuckert.shirley@lockman.com,~_VbmUAe
6a6d373b-d5e4-34a0-a670-81a43febb4f5,Dr.,Dagmar,Lindgren,"19A Romaguera Stream Apt. 327",quibusdam,Kabankalan,"New York",Yemen,927-052-963,"(0971) 854-5463",Strosin-O'Conner,http://www.blick.net/labore-et-ad-nulla-ut-ullam-voluptatem,"Airline Pilot OR Copilot OR Flight Engineer",black,2008-09-10,sage62@gmail.com,EI#@5Gj1u
be1bfbd2-6f35-327f-a7c0-cb3851772636,Mr.,Fredy,Borer,"46A/83 Reynolds Trace Apt. 781",quia,"San Carlos",Arizona,"Slovakia (Slovak Republic)",529-149-621,"(0931) 394-3742","Crona, Cole and Konopelski",http://www.thompson.com/voluptate-exercitationem-delectus-vel-repudiandae-illum-est.html,Illustrator,white,2007-02-11,adrian10@bednar.com,a7PV']jq]^Q
1873e6d5-bc1a-3e78-9eff-d4d5d3fb3135,Dr.,Brice,Roob,"72A Lesch Turnpike Suite 894",delectus,Passi,"District of Columbia",Burundi,881-165-110,"+63 (928) 733-9346",Yundt-Luettgen,http://rodriguez.com/fugiat-sit-distinctio-dignissimos-omnis-distinctio-consequuntur,"Agricultural Inspector",lime,2012-10-04,sawayn.lavada@kunde.biz,"=,*E~Xj"
7119f724-bee8-3663-9049-6d95e8c5bac8,Dr.,Cecelia,Heidenreich,"71 Gutmann Divide Apt. 437",fugiat,Santiago,Florida,Turkmenistan,751-172-537,"+63 (943) 065-6723","Thiel, Franecki and DuBuque",http://smith.net/,"Valve Repairer OR Regulator Repairer",fuchsia,2001-02-03,leannon.braxton@gmail.com,nx3o)K#~{<g
7898faf8-5721-347c-8027-aa0d875ceba0,Prof.,Ericka,Mills,"57A Dibbert Spur",vel,Bislig,Illinois,"Turks and Caicos Islands",481-333-936,"(0911) 810-3841",Hartmann-Welch,http://www.simonis.com/quis-a-error-voluptatem,"Surveying Technician",maroon,1978-04-26,zfarrell@yahoo.com,":S""P-+8A4DLV"
12d0dc5e-7091-31cb-a026-303650f3b77b,Dr.,Alexandra,Farrell,"45A/25 Hauck Pine",eveniet,"Quezon City","South Carolina",Portugal,205-518-298,"+63 (994) 714-7427","Hartmann Group",http://www.bashirian.com/aut-qui-quia-magnam-expedita,Barber,black,2024-06-14,kmcclure@gmail.com,W`0z+hh^)mto;/5W
99c18566-dbea-3b07-bc47-25f73eb8cfc0,Ms.,Mollie,Medhurst,"52 Krajcik Fall",enim,Cadiz,Kentucky,China,838-302-092,"(0947) 591-0552","Moen, Littel and Johnson",https://ward.com/saepe-praesentium-ea-sint-et-ullam-voluptatibus-asperiores.html,"Optical Instrument Assembler",fuchsia,1983-04-24,hodkiewicz.jaren@yahoo.com,blQ|W<r41b30G(lKuH|
92f2b8a6-20b8-39b1-8309-9ab306c4cc55,Prof.,Wendell,Raynor,"32/79 VonRueden Ranch Apt. 876",magnam,"San Pablo",Alaska,Romania,130-354-720,"(0942) 350-9555","Heidenreich Group",http://www.leuschke.com/amet-excepturi-magni-iste-rerum-odio,"Painter and Illustrator",navy,2005-09-01,qcorwin@gmail.com,Am:(*=wIR*zf
f98bfe32-51c3-315c-a2f6-c3256df0d4fd,Dr.,Genevieve,Lubowitz,"34/96 Morissette Drive",qui,"San Carlos",Kansas,"El Salvador",387-905-115,"+63 (813) 514-7076","Stracke, Connelly and Leuschke",http://www.lubowitz.com/voluptatem-cumque-dolor-placeat-blanditiis-cum-et,"Aircraft Engine Specialist",white,1979-10-19,zoey03@maggio.info,"><{]P4\"
bf36d153-bcf7-32cb-9ce3-495145d53992,Mr.,Raven,Gibson,"82A Thompson Junctions",incidunt,Tandag,Georgia,Lebanon,563-886-726,"(0994) 624-0128","Cormier, Hickle and McClure",http://gibson.com/et-hic-voluptatum-dolorum,"Control Valve Installer",navy,1970-11-13,myrtice35@gmail.com,rrmD~/IA*B]
8689b8a6-2468-38bb-a428-d7da071f450b,Miss,Odessa,Bartell,"46/50 Lockman Roads Suite 757",qui,"San Carlos",Montana,Angola,681-260-160,"(0911) 868-3203","Fritsch, Cummerata and Batz",https://www.heidenreich.com/unde-nemo-voluptatem-non-non-aperiam,"Secondary School Teacher",gray,2020-12-17,leonard.bogisich@hotmail.com,Va}uS6WV
c8ab7cfa-bc9a-39a3-9678-fe20e8dbbe6c,Dr.,Micheal,Wiza,"34A/02 Bogan Trail",repudiandae,Carcar,Vermont,"Netherlands Antilles",403-975-481,"(0911) 004-8488",Veum-Bashirian,http://brekke.com/perspiciatis-earum-aut-ipsam-qui-odit-molestias,"Director Of Business Development",lime,1973-12-12,efrain31@vandervort.com,FH[8!mAnL316.8
c54dba58-463f-3d36-adb5-1a009c89458c,Prof.,Genesis,Strosin,"05A/85 Bradtke Brook Suite 245",et,"La Carlota",Virginia,Estonia,231-215-798,"(0948) 508-2812","Lakin Inc",http://ferry.com/voluptate-qui-possimus-fugit-cupiditate,Epidemiologist,yellow,2019-06-19,hahn.gisselle@yahoo.com,^.3<&dszg%#=|kMg
8531b42d-2976-38e8-afd8-50a9f47e434f,Mrs.,Christelle,Paucek,"78A/29 Kessler Skyway",et,Ozamiz,Hawaii,"San Marino",660-977-525,"(0999) 902-1496","Hettinger Ltd",http://www.ebert.com/,"Park Naturalist",olive,1979-12-26,stehr.verona@yahoo.com,[H=9bDK1x#9kP
1dc0f56f-6d6b-3943-a0d1-61ec51826efa,Mr.,Ernestina,Hagenes,"38 Fadel Crossroad",ut,Parañaque,Georgia,Chile,518-296-509,"+63 (977) 849-3725",Raynor-Jenkins,http://simonis.com/,"Power Generating Plant Operator",gray,1991-09-22,aiden77@nicolas.com,'Gw%/azx'kt3
7b39c00d-df06-39f2-bd27-476f72406c0d,Prof.,Courtney,Hickle,"63A Steuber Tunnel",architecto,Samal,"Rhode Island","Papua New Guinea",605-610-947,"+63 (943) 691-6222","Wehner Group",https://stark.com/id-iusto-tempora-magni-non.html,"Fence Erector",black,1980-12-14,dameon.west@yahoo.com,=<-yw{dA!>!-
18d8850c-8d60-3503-8d26-8e1a14045a36,Dr.,Alexandrine,Dare,"16A Murazik Springs Suite 240",vel,Cadiz,Idaho,Tuvalu,984-408-658,"+63 (922) 462-1445",Hammes-Marks,http://wintheiser.com/cum-in-consequatur-voluptas-voluptates-neque-iste-doloribus,"Reservation Agent OR Transportation Ticket Agent",navy,1988-12-14,ivah.braun@turner.org,9+W%)96My7f;PT5Xy(
3fbfdb8e-5b17-3ae6-a4f2-343f6b3daaa9,Mrs.,Logan,Howe,"44 Hintz Shore",omnis,"Cebu City",Utah,Korea,220-664-047,"(0977) 306-8262",Bergnaum-McGlynn,https://www.wiza.org/doloribus-natus-ullam-assumenda-quisquam-quam-cupiditate-hic-commodi,Podiatrist,maroon,2024-04-16,ludwig63@willms.info,"|Bn\S&92rQ7"
0edb4dd6-9663-38ee-8f62-71024ac158ab,Prof.,Javon,Jacobson,"35 Dare Village",in,Gingoog,Massachusetts,Madagascar,575-881-770,"(0918) 375-4684",Kertzmann-Murazik,http://www.fahey.com/consequuntur-vel-et-id-repellendus,"Electronics Engineer",silver,2006-04-04,daniella24@hotmail.com,qJV4wI
c103c814-982c-3a8a-b0c8-ced16dacf8f8,Mr.,Diamond,Altenwerth,"98 Nader Brook",aut,Tanauan,Wisconsin,Grenada,405-170-043,"(0939) 156-8662","Gleason, Schoen and Reichel",http://kshlerin.com/,"Cost Estimator",maroon,2022-01-26,isadore92@ryan.biz,"+[WUMZ>[FLP\"
69d7d6cd-08ec-3c33-8272-ce778432502e,Miss,Megane,Pouros,"92/95 Abernathy Radial",delectus,Imus,"New Jersey",Maldives,579-989-600,"(0928) 602-9506","Runte, Beatty and Goldner",http://lindgren.info/,"Infantry Officer",teal,1987-04-15,eldon.oreilly@glover.com,+px:XmSMFy?VylGs$2
b4b2727a-0559-3dae-97ca-43baf242167e,Dr.,Gideon,Hane,"79/87 Mraz River Suite 172",ut,Tabuk,California,"Falkland Islands (Malvinas)",573-688-416,"(0910) 348-9765","Brekke PLC",https://www.sauer.org/quae-accusamus-et-asperiores-cupiditate-illum-expedita,"Biochemist or Biophysicist",aqua,2007-03-10,uherman@heller.com,"5""tmJ5UpBc""{~yG,A*&/"
3bad989e-f505-3cae-ba8e-db7dd300185c,Prof.,Moses,Hartmann,"56 Gorczany Hollow",nostrum,Lucena,Hawaii,Macao,551-594-248,"(0929) 428-2209","Kuhic PLC",http://goldner.com/repellat-iste-eos-eum-sit.html,"Private Detective and Investigator",silver,1979-06-06,roman13@brown.com,"/BXLS,:aG|e>>p\U~"
